-- phpMyAdmin SQL Dump
-- version 4.9.1
-- https://www.phpmyadmin.net/
--
-- Host: 127.0.0.1
-- Erstellungszeit: 29. Dez 2019 um 14:00
-- Server-Version: 10.4.8-MariaDB
-- PHP-Version: 7.3.11

SET SQL_MODE = "NO_AUTO_VALUE_ON_ZERO";
SET AUTOCOMMIT = 0;
START TRANSACTION;
SET time_zone = "+00:00";


/*!40101 SET @OLD_CHARACTER_SET_CLIENT=@@CHARACTER_SET_CLIENT */;
/*!40101 SET @OLD_CHARACTER_SET_RESULTS=@@CHARACTER_SET_RESULTS */;
/*!40101 SET @OLD_COLLATION_CONNECTION=@@COLLATION_CONNECTION */;
/*!40101 SET NAMES utf8mb4 */;

--
-- Datenbank: `uni_project`
--

-- --------------------------------------------------------

--
-- Tabellenstruktur für Tabelle `bereich`
--

CREATE TABLE `bereich` (
  `b_id` int(10) NOT NULL,
  `b_name` varchar(300) COLLATE utf8_german2_ci NOT NULL,
  `b_inhalt` varchar(500) CHARACTER SET utf16 COLLATE utf16_german2_ci NOT NULL
) ENGINE=InnoDB DEFAULT CHARSET=utf8 COLLATE=utf8_german2_ci;

--
-- Daten für Tabelle `bereich`
--

INSERT INTO `bereich` (`b_id`, `b_name`, `b_inhalt`) VALUES
(1, 'tets kategorie', 'das ist hier zum testen da'),
(2, 'weiterer test', 'ein weiteren test amcenen'),
(3, '234', 'kann ich das sehen'),
(4, 'haha ', 'hahahha ah sadfk s sdanndfs  isdfjn dfs'),
(5, 'haha', 'von 2'),
(12, 'admin', 'admin'),
(13, 'von 2', 'con 2'),
(14, '12', '12'),
(15, 'Peter', 'Enis'),
(16, 'admin', 'admin ');

-- --------------------------------------------------------

--
-- Tabellenstruktur für Tabelle `dividends`
--

CREATE TABLE `dividends` (
  `id` int(11) NOT NULL,
  `symbol` text NOT NULL,
  `date` date NOT NULL,
  `dividend` decimal(10,4) NOT NULL
) ENGINE=InnoDB DEFAULT CHARSET=utf8mb4 COMMENT='Stores all dividend payouts.';

--
-- Daten für Tabelle `dividends`
--

INSERT INTO `dividends` (`id`, `symbol`, `date`, `dividend`) VALUES
(66, 'AAPL', '2015-05-07', '0.5200'),
(67, 'AAPL', '2019-08-09', '0.7700'),
(68, 'AAPL', '1994-05-27', '0.0043'),
(69, 'AAPL', '2019-02-08', '0.7300'),
(70, 'AAPL', '1993-11-19', '0.0043'),
(71, 'AAPL', '2019-05-10', '0.7700'),
(72, 'AAPL', '2014-11-06', '0.4700'),
(73, 'AAPL', '1989-08-21', '0.0036'),
(74, 'AAPL', '1990-02-16', '0.0039'),
(75, 'AAPL', '2018-11-08', '0.7300'),
(76, 'AAPL', '1989-05-22', '0.0036'),
(77, 'AAPL', '1993-08-16', '0.0043'),
(78, 'AAPL', '2014-08-07', '0.4700'),
(79, 'AAPL', '1994-02-07', '0.0043'),
(80, 'AAPL', '2015-02-05', '0.4700'),
(81, 'AAPL', '1989-11-17', '0.0039'),
(82, 'AAPL', '1993-05-28', '0.0043'),
(83, 'AAPL', '2014-05-08', '0.4700'),
(84, 'AAPL', '2018-08-10', '0.7300'),
(85, 'AAPL', '2018-02-09', '0.6300'),
(86, 'AAPL', '1992-11-30', '0.0043'),
(87, 'AAPL', '2018-05-11', '0.7300'),
(88, 'AAPL', '1988-08-15', '0.0029'),
(89, 'AAPL', '2013-11-06', '0.4357'),
(90, 'AAPL', '1989-02-17', '0.0036'),
(91, 'AAPL', '2013-08-08', '0.4357'),
(92, 'AAPL', '2017-11-10', '0.6300'),
(93, 'AAPL', '1988-05-16', '0.0029'),
(94, 'AAPL', '1992-08-17', '0.0043'),
(95, 'AAPL', '1993-02-12', '0.0043'),
(96, 'AAPL', '2014-02-06', '0.4357'),
(97, 'AAPL', '1988-11-21', '0.0036'),
(98, 'AAPL', '2017-08-10', '0.6300'),
(99, 'AAPL', '1991-11-18', '0.0043'),
(100, 'AAPL', '2013-05-09', '0.4357'),
(101, 'AAPL', '2017-02-09', '0.5700'),
(102, 'AAPL', '1995-11-21', '0.0043'),
(103, 'AAPL', '2017-05-11', '0.6300'),
(104, 'AAPL', '1987-08-10', '0.0021'),
(105, 'AAPL', '2012-11-07', '0.3786'),
(106, 'AAPL', '1988-02-12', '0.0029'),
(107, 'AAPL', '1991-08-19', '0.0043'),
(108, 'AAPL', '1987-05-11', '0.0021'),
(109, 'AAPL', '2012-08-09', '0.3786'),
(110, 'AAPL', '2016-11-03', '0.5700'),
(111, 'AAPL', '1987-11-17', '0.0029'),
(112, 'AAPL', '1992-02-14', '0.0043'),
(113, 'AAPL', '2013-02-07', '0.3786'),
(114, 'AAPL', '1995-08-16', '0.0043'),
(115, 'AAPL', '1991-05-20', '0.0043'),
(116, 'AAPL', '2016-08-04', '0.5700'),
(117, 'AAPL', '1995-05-26', '0.0043'),
(118, 'AAPL', '1994-11-18', '0.0043'),
(119, 'AAPL', '2016-05-05', '0.5700'),
(120, 'AAPL', '1992-06-01', '0.0043'),
(121, 'AAPL', '2015-11-05', '0.5200'),
(122, 'AAPL', '1990-08-20', '0.0039'),
(123, 'AAPL', '1991-02-15', '0.0043'),
(124, 'AAPL', '2019-11-07', '0.7700'),
(125, 'AAPL', '1994-08-15', '0.0043'),
(126, 'AAPL', '2015-08-06', '0.5200'),
(127, 'AAPL', '1990-05-21', '0.0039'),
(128, 'AAPL', '2016-02-04', '0.5200'),
(129, 'AAPL', '1990-11-16', '0.0043'),
(130, 'AAPL', '1995-02-13', '0.0043'),
(131, 'SKT', '2005-07-27', '0.3225'),
(132, 'SKT', '2009-07-28', '0.3825'),
(133, 'SKT', '2015-12-29', '0.2100'),
(134, 'SKT', '1996-10-23', '0.5200'),
(135, 'SKT', '1997-04-23', '0.5500'),
(136, 'SKT', '2013-07-26', '0.2250'),
(137, 'SKT', '2009-04-28', '0.3825'),
(138, 'SKT', '2014-01-28', '0.2250'),
(139, 'SKT', '2000-10-27', '0.6076'),
(140, 'SKT', '2001-04-26', '0.6100'),
(141, 'SKT', '2017-07-27', '0.3425'),
(142, 'SKT', '2013-04-26', '0.2250'),
(143, 'SKT', '2018-01-30', '0.3425'),
(144, 'SKT', '2004-10-27', '0.6250'),
(145, 'SKT', '2005-04-27', '0.3225'),
(146, 'SKT', '2017-04-26', '0.3425'),
(147, 'SKT', '2008-10-29', '0.3800'),
(148, 'SKT', '2012-10-26', '0.2100'),
(149, 'SKT', '1993-12-13', '0.1050'),
(150, 'SKT', '1995-10-25', '0.5000'),
(151, 'SKT', '2016-10-27', '0.3250'),
(152, 'SKT', '1999-10-27', '0.6050'),
(153, 'SKT', '2003-10-29', '0.6150'),
(154, 'SKT', '2003-07-29', '0.6150'),
(155, 'SKT', '2007-07-27', '0.3600'),
(156, 'SKT', '1994-10-24', '0.4600'),
(157, 'SKT', '2011-07-27', '0.2000'),
(158, 'SKT', '2007-04-26', '0.3600'),
(159, 'SKT', '1998-10-28', '0.6000'),
(160, 'SKT', '1999-04-28', '0.6050'),
(161, 'SKT', '2015-07-28', '0.2850'),
(162, 'SKT', '2011-04-27', '0.2000'),
(163, 'SKT', '2016-01-27', '0.2850'),
(164, 'SKT', '2002-10-29', '0.6126'),
(165, 'SKT', '2003-04-28', '0.6150'),
(166, 'SKT', '2019-07-30', '0.3550'),
(167, 'SKT', '2015-04-28', '0.2850'),
(168, 'SKT', '2006-10-27', '0.3400'),
(169, 'SKT', '2002-01-29', '0.6100'),
(170, 'SKT', '2019-04-29', '0.3550'),
(171, 'SKT', '2010-10-27', '0.3875'),
(172, 'SKT', '2006-01-27', '0.3225'),
(173, 'SKT', '2014-07-28', '0.2400'),
(174, 'SKT', '2010-01-27', '0.3825'),
(175, 'SKT', '2018-10-30', '0.3500'),
(176, 'SKT', '1993-07-28', '0.1150'),
(177, 'SKT', '1994-01-13', '0.4200'),
(178, 'SKT', '1997-07-23', '0.5500'),
(179, 'SKT', '1998-01-28', '0.5500'),
(180, 'SKT', '2001-07-27', '0.6100'),
(181, 'SKT', '2001-01-29', '0.6076'),
(182, 'SKT', '2018-04-27', '0.3500'),
(183, 'SKT', '2009-10-28', '0.3825'),
(184, 'SKT', '2005-01-27', '0.3125'),
(185, 'SKT', '2013-10-28', '0.2250'),
(186, 'SKT', '2009-01-28', '0.3800'),
(187, 'SKT', '1996-04-24', '0.5200'),
(188, 'SKT', '2017-10-30', '0.3425'),
(189, 'SKT', '2014-10-28', '0.2400'),
(190, 'SKT', '1996-07-24', '0.5200'),
(191, 'SKT', '1997-01-22', '0.5200'),
(192, 'SKT', '2000-07-27', '0.6076'),
(193, 'SKT', '2014-04-28', '0.2400'),
(194, 'SKT', '2004-01-28', '0.6150'),
(195, 'SKT', '2004-07-28', '0.6250'),
(196, 'SKT', '2008-01-29', '0.3600'),
(197, 'SKT', '2008-07-28', '0.3800'),
(198, 'SKT', '1995-04-24', '0.5000'),
(199, 'SKT', '2012-01-26', '0.2000'),
(200, 'SKT', '2012-07-26', '0.2100'),
(201, 'SKT', '2008-04-28', '0.3800'),
(202, 'SKT', '2013-01-28', '0.2100'),
(203, 'SKT', '1995-07-26', '0.5000'),
(204, 'SKT', '2000-04-26', '0.6076'),
(205, 'SKT', '2016-07-27', '0.3250'),
(206, 'SKT', '1996-01-24', '0.5000'),
(207, 'SKT', '2012-04-26', '0.2100'),
(208, 'SKT', '2017-01-27', '0.3250'),
(209, 'SKT', '1999-07-28', '0.6050'),
(210, 'SKT', '2004-04-28', '0.6250'),
(211, 'SKT', '2000-01-27', '0.6050'),
(212, 'SKT', '2016-04-27', '0.3250'),
(213, 'SKT', '2007-10-29', '0.3600'),
(214, 'SKT', '2003-01-29', '0.6126'),
(215, 'SKT', '2011-10-26', '0.2000'),
(216, 'SKT', '2007-01-29', '0.3400'),
(217, 'SKT', '1994-04-25', '0.4600'),
(218, 'SKT', '2015-10-28', '0.2850'),
(219, 'SKT', '2011-01-27', '0.1938'),
(220, 'SKT', '2019-10-30', '0.3550'),
(221, 'SKT', '1994-07-25', '0.4600'),
(222, 'SKT', '1995-01-23', '0.4600'),
(223, 'SKT', '1998-07-28', '0.6000'),
(224, 'SKT', '1999-01-27', '0.6000'),
(225, 'SKT', '2002-07-29', '0.6126'),
(226, 'SKT', '2006-07-27', '0.3400'),
(227, 'SKT', '1993-10-26', '0.4200'),
(228, 'SKT', '2010-07-28', '0.3875'),
(229, 'SKT', '1997-10-22', '0.5500'),
(230, 'SKT', '1998-04-28', '0.6000'),
(231, 'SKT', '2010-04-28', '0.3875'),
(232, 'SKT', '2015-01-28', '0.2400'),
(233, 'SKT', '2001-10-29', '0.6100'),
(234, 'SKT', '2002-04-26', '0.6126'),
(235, 'SKT', '2018-07-30', '0.3500'),
(236, 'SKT', '2019-01-30', '0.3500'),
(237, 'SKT', '2005-10-27', '0.3225'),
(238, 'SKT', '2006-04-26', '0.3400');

-- --------------------------------------------------------

--
-- Tabellenstruktur für Tabelle `histories`
--

CREATE TABLE `histories` (
  `symbol` text NOT NULL,
  `date` date NOT NULL,
  `open` decimal(10,4) NOT NULL,
  `high` decimal(10,4) NOT NULL,
  `low` decimal(10,4) NOT NULL,
  `close` decimal(10,4) NOT NULL,
  `adjClose` decimal(10,4) NOT NULL,
  `volume` int(11) NOT NULL,
  `id` int(11) NOT NULL
) ENGINE=InnoDB DEFAULT CHARSET=utf8mb4;

--
-- Daten für Tabelle `histories`
--

INSERT INTO `histories` (`symbol`, `date`, `open`, `high`, `low`, `close`, `adjClose`, `volume`, `id`) VALUES
('AAPL', '1980-12-01', '0.5134', '0.6451', '0.4509', '0.6094', '0.4840', 336212800, 1),
('AAPL', '1981-01-01', '0.6161', '0.6205', '0.5045', '0.5045', '0.4007', 152247200, 2),
('AAPL', '1981-02-01', '0.4777', '0.5156', '0.4241', '0.4732', '0.3758', 80404800, 3),
('AAPL', '1981-03-01', '0.4754', '0.4821', '0.3862', '0.4375', '0.3475', 175179200, 4),
('AAPL', '1981-04-01', '0.4353', '0.5246', '0.4330', '0.5067', '0.4024', 134232000, 5),
('AAPL', '1981-05-01', '0.5067', '0.5938', '0.4799', '0.5915', '0.4698', 147604800, 6),
('AAPL', '1981-06-01', '0.5915', '0.5938', '0.4643', '0.4643', '0.3687', 237641600, 7),
('AAPL', '1981-07-01', '0.4621', '0.4688', '0.3973', '0.4464', '0.3546', 166857600, 8),
('AAPL', '1981-08-01', '0.4464', '0.4643', '0.3371', '0.3594', '0.2854', 137155200, 9),
('AAPL', '1981-09-01', '0.3817', '0.3906', '0.2545', '0.2723', '0.2163', 185920000, 10),
('AAPL', '1981-10-01', '0.2723', '0.3594', '0.2723', '0.3571', '0.2837', 226044000, 11),
('AAPL', '1981-11-01', '0.3571', '0.3594', '0.3192', '0.3326', '0.2641', 146669600, 12),
('AAPL', '1981-12-01', '0.3326', '0.4107', '0.3237', '0.3951', '0.3138', 259280000, 13),
('AAPL', '1982-01-01', '0.3951', '0.3951', '0.3192', '0.3638', '0.2890', 216053600, 14),
('AAPL', '1982-02-01', '0.3638', '0.3661', '0.3259', '0.3259', '0.2588', 152101600, 15),
('AAPL', '1982-03-01', '0.3281', '0.3304', '0.2522', '0.3013', '0.2393', 299919200, 16),
('AAPL', '1982-04-01', '0.3170', '0.3192', '0.2612', '0.2634', '0.2092', 437399200, 17),
('AAPL', '1982-05-01', '0.2723', '0.2924', '0.2500', '0.2500', '0.1986', 310973600, 18),
('AAPL', '1982-06-01', '0.2478', '0.2522', '0.2277', '0.2277', '0.1808', 200911200, 19),
('AAPL', '1982-07-01', '0.2277', '0.2589', '0.1964', '0.2411', '0.1915', 354552800, 20),
('AAPL', '1982-08-01', '0.2478', '0.3237', '0.2188', '0.3214', '0.2553', 539000000, 21),
('AAPL', '1982-09-01', '0.3147', '0.3393', '0.3103', '0.3259', '0.2588', 415889600, 22),
('AAPL', '1982-10-01', '0.3304', '0.4777', '0.3214', '0.4531', '0.3599', 944876800, 23),
('AAPL', '1982-11-01', '0.4531', '0.6071', '0.4487', '0.5692', '0.4521', 788076800, 24),
('AAPL', '1982-12-01', '0.5692', '0.6228', '0.4933', '0.5335', '0.4237', 681497600, 25),
('AAPL', '1983-01-01', '0.5335', '0.7500', '0.4866', '0.7299', '0.5797', 1144757600, 26),
('AAPL', '1983-02-01', '0.7299', '0.8683', '0.7188', '0.8147', '0.6471', 788323200, 27),
('AAPL', '1983-03-01', '0.8147', '0.8438', '0.7165', '0.7545', '0.5992', 662082400, 28),
('AAPL', '1983-04-01', '0.7545', '0.9420', '0.6897', '0.9018', '0.7162', 834708000, 29),
('AAPL', '1983-05-01', '0.9018', '1.0893', '0.8504', '1.0313', '0.8190', 521102400, 30),
('AAPL', '1983-06-01', '1.0313', '1.1295', '0.8170', '0.8728', '0.6932', 701870400, 31),
('AAPL', '1983-07-01', '0.8728', '0.8884', '0.6049', '0.6228', '0.4946', 774457600, 32),
('AAPL', '1983-08-01', '0.6228', '0.6652', '0.5357', '0.6652', '0.5283', 765385600, 33),
('AAPL', '1983-09-01', '0.6652', '0.7098', '0.3951', '0.4129', '0.3280', 1985401600, 34),
('AAPL', '1983-10-01', '0.4129', '0.4286', '0.3192', '0.4040', '0.3209', 1255469600, 35),
('AAPL', '1983-11-01', '0.4040', '0.4308', '0.3080', '0.3638', '0.2890', 1030540000, 36),
('AAPL', '1983-12-01', '0.3638', '0.4509', '0.3527', '0.4353', '0.3457', 664154400, 37),
('AAPL', '1984-01-01', '0.4353', '0.5268', '0.4129', '0.4420', '0.3510', 1089704000, 38),
('AAPL', '1984-02-01', '0.4420', '0.4933', '0.3996', '0.4688', '0.3723', 777840000, 39),
('AAPL', '1984-03-01', '0.4688', '0.5000', '0.4375', '0.4420', '0.3510', 491472800, 40),
('AAPL', '1984-04-01', '0.4420', '0.5603', '0.4107', '0.5603', '0.4450', 804176800, 41),
('AAPL', '1984-05-01', '0.5670', '0.6138', '0.5000', '0.5246', '0.4166', 1328919200, 42),
('AAPL', '1984-06-01', '0.5246', '0.5491', '0.4330', '0.4732', '0.3758', 793783200, 43),
('AAPL', '1984-07-01', '0.4732', '0.4933', '0.4330', '0.4554', '0.3617', 708724800, 44),
('AAPL', '1984-08-01', '0.4554', '0.5513', '0.4286', '0.4732', '0.3758', 1277948000, 45),
('AAPL', '1984-09-01', '0.4732', '0.5179', '0.4397', '0.4487', '0.3563', 625156000, 46),
('AAPL', '1984-10-01', '0.4464', '0.4888', '0.4018', '0.4442', '0.3528', 890764000, 47),
('AAPL', '1984-11-01', '0.4464', '0.4732', '0.3906', '0.4420', '0.3510', 842514400, 48),
('AAPL', '1984-12-01', '0.4420', '0.5223', '0.4353', '0.5201', '0.4131', 863755200, 49),
('AAPL', '1985-01-01', '0.5201', '0.5558', '0.4978', '0.5179', '0.4113', 1591604000, 50),
('AAPL', '1985-02-01', '0.5179', '0.5491', '0.4420', '0.4420', '0.3510', 1183347200, 51),
('AAPL', '1985-03-01', '0.4420', '0.4643', '0.3705', '0.3951', '0.3138', 1153896800, 52),
('AAPL', '1985-04-01', '0.3951', '0.4107', '0.3504', '0.3795', '0.3014', 717007200, 53),
('AAPL', '1985-05-01', '0.3795', '0.3973', '0.3013', '0.3103', '0.2464', 1159782400, 54),
('AAPL', '1985-06-01', '0.3036', '0.3304', '0.2634', '0.3214', '0.2553', 1452847200, 55),
('AAPL', '1985-07-01', '0.3237', '0.3259', '0.2835', '0.2835', '0.2251', 650148800, 56),
('AAPL', '1985-08-01', '0.2835', '0.2879', '0.2589', '0.2679', '0.2127', 454686400, 57),
('AAPL', '1985-09-01', '0.2679', '2.0000', '0.2634', '0.2813', '0.2234', 449549600, 58),
('AAPL', '1985-10-01', '0.2813', '0.3438', '0.2679', '0.3326', '0.2641', 946478400, 59),
('AAPL', '1985-11-01', '0.3326', '0.3705', '0.3326', '0.3594', '0.2854', 721168000, 60),
('AAPL', '1985-12-01', '0.3594', '0.4085', '0.3438', '0.3929', '0.3120', 892802400, 61),
('AAPL', '1986-01-01', '0.3929', '0.4420', '0.3884', '0.4129', '0.3280', 1572950400, 62),
('AAPL', '1986-02-01', '0.4129', '0.4777', '0.4085', '0.4464', '0.3546', 855215200, 63),
('AAPL', '1986-03-01', '0.4464', '0.5290', '0.4330', '0.5045', '0.4007', 1066083200, 64),
('AAPL', '1986-04-01', '0.5045', '0.5848', '0.4688', '0.5402', '0.4290', 1115671200, 65),
('AAPL', '1986-05-01', '0.5402', '0.6696', '0.5313', '0.6607', '0.5248', 1238512800, 66),
('AAPL', '1986-06-01', '0.6607', '0.6987', '0.5804', '0.6406', '0.5088', 1015840000, 67),
('AAPL', '1986-07-01', '0.6406', '0.6741', '0.5357', '0.5580', '0.4432', 1422909600, 68),
('AAPL', '1986-08-01', '0.5558', '0.6786', '0.5469', '0.6607', '0.5248', 910879200, 69),
('AAPL', '1986-09-01', '0.6629', '0.6629', '0.5647', '0.5982', '0.4751', 894549600, 70),
('AAPL', '1986-10-01', '0.5960', '0.6295', '0.5759', '0.6183', '0.4911', 746009600, 71),
('AAPL', '1986-11-01', '0.6205', '0.7366', '0.6049', '0.7143', '0.5673', 1301540800, 72),
('AAPL', '1986-12-01', '0.7143', '0.7835', '0.6987', '0.7232', '0.5744', 1190644000, 73),
('AAPL', '1987-01-01', '0.7210', '1.0223', '0.7165', '0.9911', '0.7871', 2067228800, 74),
('AAPL', '1987-02-01', '0.9911', '1.2746', '0.9219', '1.2500', '0.9928', 1654044000, 75),
('AAPL', '1987-03-01', '1.2545', '1.2589', '1.1116', '1.1518', '0.9148', 1489829600, 76),
('AAPL', '1987-04-01', '1.1250', '1.4286', '1.1138', '1.4152', '1.1240', 1703290400, 77),
('AAPL', '1987-05-01', '1.4196', '1.4688', '1.2946', '1.4107', '1.1204', 959739200, 78),
('AAPL', '1987-06-01', '1.4196', '1.5446', '1.3571', '1.4464', '1.1505', 874384000, 79),
('AAPL', '1987-07-01', '1.4554', '1.5982', '1.3036', '1.4732', '1.1718', 767564000, 80),
('AAPL', '1987-08-01', '1.4643', '1.9375', '1.4286', '1.9286', '1.5340', 779825200, 81),
('AAPL', '1987-09-01', '1.9554', '2.0982', '1.7321', '2.0179', '1.6071', 768871600, 82),
('AAPL', '1987-10-01', '2.0268', '2.1339', '0.9866', '1.3795', '1.0987', 1643924800, 83),
('AAPL', '1987-11-01', '1.3839', '1.4286', '1.0893', '1.1786', '0.9387', 1058559600, 84),
('AAPL', '1987-12-01', '1.1964', '1.5625', '1.0625', '1.5000', '1.1973', 1175566000, 85),
('AAPL', '1988-01-01', '1.5268', '1.6518', '1.3661', '1.4821', '1.1830', 1555400000, 86),
('AAPL', '1988-02-01', '1.4911', '1.5625', '1.3482', '1.5357', '1.2258', 842116800, 87),
('AAPL', '1988-03-01', '1.5446', '1.7054', '1.3839', '1.4286', '1.1425', 1220525600, 88),
('AAPL', '1988-04-01', '1.4196', '1.5134', '1.3750', '1.4643', '1.1711', 824482400, 89),
('AAPL', '1988-05-01', '1.4554', '1.5402', '1.3348', '1.4821', '1.1854', 659626800, 90),
('AAPL', '1988-06-01', '1.4821', '1.6696', '1.4732', '1.6518', '1.3237', 883682800, 91),
('AAPL', '1988-07-01', '1.6607', '1.6964', '1.5089', '1.5848', '1.2700', 546604800, 92),
('AAPL', '1988-08-01', '1.5893', '1.6339', '1.4018', '1.4241', '1.1412', 663328400, 93),
('AAPL', '1988-09-01', '1.4196', '1.5804', '1.3482', '1.5446', '1.2401', 765080400, 94),
('AAPL', '1988-10-01', '1.5357', '1.5446', '1.3393', '1.3795', '1.1075', 890912400, 95),
('AAPL', '1988-11-01', '1.3750', '1.4196', '1.2679', '1.3438', '1.0789', 734966400, 96),
('AAPL', '1988-12-01', '1.3482', '1.5000', '1.3393', '1.4375', '1.1572', 736517600, 97),
('AAPL', '1989-01-01', '1.4375', '1.5714', '1.2946', '1.3482', '1.0853', 1836458400, 98),
('AAPL', '1989-02-01', '1.3482', '1.4375', '1.2589', '1.2946', '1.0422', 1221567200, 99),
('AAPL', '1989-03-01', '1.2946', '1.3036', '1.1964', '1.2723', '1.0270', 964919200, 100),
('AAPL', '1989-04-01', '1.2679', '1.4866', '1.2098', '1.3929', '1.1243', 991606000, 101),
('AAPL', '1989-05-01', '1.3750', '1.7500', '1.3750', '1.7054', '1.3766', 1313345600, 102),
('AAPL', '1989-06-01', '1.7054', '1.7946', '1.4107', '1.4732', '1.1918', 985320000, 103),
('AAPL', '1989-07-01', '1.4911', '1.5000', '1.3482', '1.4196', '1.1484', 922157600, 104),
('AAPL', '1989-08-01', '1.4196', '1.6339', '1.4018', '1.5893', '1.2857', 838076400, 105),
('AAPL', '1989-09-01', '1.5893', '1.6696', '1.5357', '1.5893', '1.2887', 505212400, 106),
('AAPL', '1989-10-01', '1.5893', '1.7991', '1.5179', '1.6607', '1.3467', 1031262400, 107),
('AAPL', '1989-11-01', '1.6518', '1.6875', '1.5179', '1.5804', '1.2815', 631234800, 108),
('AAPL', '1989-12-01', '1.5893', '1.6339', '1.1607', '1.2589', '1.0234', 1485296400, 109),
('AAPL', '1990-01-01', '1.2589', '1.3839', '1.1473', '1.2143', '0.9871', 936874400, 110),
('AAPL', '1990-02-01', '1.2321', '1.2589', '1.1518', '1.2143', '0.9871', 620972800, 111),
('AAPL', '1990-03-01', '1.1964', '1.5491', '1.1875', '1.4375', '1.1723', 1139118400, 112),
('AAPL', '1990-04-01', '1.4286', '1.5804', '1.3616', '1.4063', '1.1468', 910618800, 113),
('AAPL', '1990-05-01', '1.4196', '1.5268', '1.3839', '1.4732', '1.2014', 1028907600, 114),
('AAPL', '1990-06-01', '1.4777', '1.6027', '1.3393', '1.5982', '1.3070', 988013600, 115),
('AAPL', '1990-07-01', '1.5893', '1.7054', '1.4286', '1.5000', '1.2267', 1040953200, 116),
('AAPL', '1990-08-01', '1.5000', '1.5625', '1.1964', '1.3214', '1.0806', 782084800, 117),
('AAPL', '1990-09-01', '1.3036', '1.3393', '0.9732', '1.0357', '0.8495', 551737200, 118),
('AAPL', '1990-10-01', '1.0536', '1.1429', '0.8661', '1.0982', '0.9008', 1264029200, 119),
('AAPL', '1990-11-01', '1.0893', '1.3750', '1.0625', '1.3125', '1.0766', 813652000, 120),
('AAPL', '1990-12-01', '1.3304', '1.6161', '1.3214', '1.5357', '1.2639', 1023523200, 121),
('AAPL', '1991-01-01', '1.5268', '2.0000', '1.5000', '1.9821', '1.6313', 1759326800, 122),
('AAPL', '1991-02-01', '1.9821', '2.2232', '1.9554', '2.0446', '1.6827', 1386445200, 123),
('AAPL', '1991-03-01', '2.0357', '2.5089', '2.0357', '2.4286', '2.0029', 1302649600, 124),
('AAPL', '1991-04-01', '2.4286', '2.6161', '1.9464', '1.9643', '1.6200', 1810762800, 125),
('AAPL', '1991-05-01', '1.7143', '1.9196', '1.5714', '1.6786', '1.3844', 1993210800, 126),
('AAPL', '1991-06-01', '1.6786', '1.7679', '1.4375', '1.4821', '1.2255', 1022915600, 127),
('AAPL', '1991-07-01', '1.5089', '1.7232', '1.4911', '1.6518', '1.3658', 945873600, 128),
('AAPL', '1991-08-01', '1.6429', '1.9821', '1.6339', '1.8929', '1.5651', 1043162400, 129),
('AAPL', '1991-09-01', '1.8839', '1.9107', '1.6607', '1.7679', '1.4650', 598267600, 130),
('AAPL', '1991-10-01', '1.7589', '2.0089', '1.6607', '1.8393', '1.5242', 898497600, 131),
('AAPL', '1991-11-01', '1.8304', '1.9732', '1.6964', '1.8125', '1.5020', 924008400, 132),
('AAPL', '1991-12-01', '1.8125', '2.0714', '1.7321', '2.0134', '1.6725', 651792400, 133),
('AAPL', '1992-01-01', '1.9911', '2.4643', '1.9821', '2.3125', '1.9210', 1175790000, 134),
('AAPL', '1992-02-01', '2.3125', '2.5000', '2.2054', '2.4107', '2.0026', 633749200, 135),
('AAPL', '1992-03-01', '2.4196', '2.4464', '2.0625', '2.0804', '1.7314', 746415600, 136),
('AAPL', '1992-04-01', '2.0446', '2.1875', '1.8929', '2.1473', '1.7871', 982847600, 137),
('AAPL', '1992-05-01', '2.1429', '2.2589', '2.0804', '2.1339', '1.7760', 675931200, 138),
('AAPL', '1992-06-01', '2.0446', '2.1250', '1.5268', '1.7143', '1.4267', 1212920800, 139),
('AAPL', '1992-07-01', '1.7143', '1.7679', '1.5536', '1.6696', '1.3924', 908202400, 140),
('AAPL', '1992-08-01', '1.6696', '1.6875', '1.4821', '1.6429', '1.3700', 686632800, 141),
('AAPL', '1992-09-01', '1.6518', '1.7857', '1.5625', '1.6116', '1.3476', 763915600, 142),
('AAPL', '1992-10-01', '1.5982', '1.9286', '1.4821', '1.8750', '1.5678', 882856800, 143),
('AAPL', '1992-11-01', '1.8750', '2.1250', '1.8393', '2.0536', '1.7172', 781636800, 144),
('AAPL', '1992-12-01', '2.0446', '2.1875', '1.9464', '2.1339', '1.7881', 833579600, 145),
('AAPL', '1993-01-01', '2.1250', '2.3304', '2.0446', '2.1250', '1.7807', 1385566000, 146),
('AAPL', '1993-02-01', '2.1161', '2.1964', '1.8393', '1.8929', '1.5861', 1162820400, 147),
('AAPL', '1993-03-01', '1.8929', '2.0625', '1.7946', '1.8393', '1.5446', 915381600, 148),
('AAPL', '1993-04-01', '1.8304', '1.8750', '1.6696', '1.8304', '1.5371', 978602800, 149),
('AAPL', '1993-05-01', '1.8304', '2.1116', '1.8214', '2.0223', '1.6983', 800136400, 150),
('AAPL', '1993-06-01', '2.0179', '2.0804', '1.3750', '1.4107', '1.1872', 1918599200, 151),
('AAPL', '1993-07-01', '1.3929', '1.4196', '0.9107', '0.9911', '0.8340', 1785728000, 152),
('AAPL', '1993-08-01', '1.0089', '1.0982', '0.9241', '0.9464', '0.7965', 920791200, 153),
('AAPL', '1993-09-01', '0.9464', '0.9643', '0.8214', '0.8348', '0.7056', 917005600, 154),
('AAPL', '1993-10-01', '0.8125', '1.1518', '0.7857', '1.0982', '0.9283', 1476330800, 155),
('AAPL', '1993-11-01', '1.0982', '1.2500', '1.0625', '1.1250', '0.9509', 863027200, 156),
('AAPL', '1993-12-01', '1.1429', '1.1607', '0.9464', '1.0446', '0.8862', 989242800, 157),
('AAPL', '1994-01-01', '1.0536', '1.2589', '1.0268', '1.1696', '0.9922', 1833008800, 158),
('AAPL', '1994-02-01', '1.1786', '1.3661', '1.1518', '1.3036', '1.1058', 1071114800, 159),
('AAPL', '1994-03-01', '1.3125', '1.3750', '1.1250', '1.1875', '1.0110', 1314496400, 160),
('AAPL', '1994-04-01', '1.1518', '1.2232', '0.9643', '1.0714', '0.9122', 1010534000, 161),
('AAPL', '1994-05-01', '1.0714', '1.2054', '1.0179', '1.0446', '0.8894', 840414400, 162),
('AAPL', '1994-06-01', '1.0179', '1.0223', '0.8795', '0.9464', '0.8089', 1167947200, 163),
('AAPL', '1994-07-01', '0.9420', '1.2143', '0.9063', '1.2031', '1.0283', 1212016400, 164),
('AAPL', '1994-08-01', '1.2009', '1.3348', '1.1473', '1.2924', '1.1046', 1143724400, 165),
('AAPL', '1994-09-01', '1.2634', '1.3304', '1.1920', '1.2031', '1.0319', 808161200, 166),
('AAPL', '1994-10-01', '1.2009', '1.5625', '1.1607', '1.5424', '1.3229', 1928371200, 167),
('AAPL', '1994-11-01', '1.5313', '1.5530', '1.2991', '1.3304', '1.1410', 1012236400, 168),
('AAPL', '1994-12-01', '1.3214', '1.4241', '1.2411', '1.3929', '1.1982', 946948800, 169),
('AAPL', '1995-01-01', '1.3884', '1.7165', '1.3527', '1.4420', '1.2405', 2040525200, 170),
('AAPL', '1995-02-01', '1.4554', '1.5893', '1.3571', '1.4107', '1.2136', 1324836800, 171),
('AAPL', '1995-03-01', '1.4196', '1.4554', '1.2098', '1.2589', '1.0860', 1749286000, 172),
('AAPL', '1995-04-01', '1.2679', '1.4152', '1.2009', '1.3661', '1.1784', 1418575200, 173),
('AAPL', '1995-05-01', '1.3661', '1.5848', '1.3393', '1.4844', '1.2805', 1596168000, 174),
('AAPL', '1995-06-01', '1.4955', '1.7902', '1.4821', '1.6585', '1.4346', 1380486800, 175),
('AAPL', '1995-07-01', '1.6607', '1.7813', '1.5357', '1.6071', '1.3902', 1424894800, 176),
('AAPL', '1995-08-01', '1.6027', '1.6518', '1.4955', '1.5357', '1.3284', 1323229600, 177),
('AAPL', '1995-09-01', '1.5357', '1.6250', '1.2411', '1.3304', '1.1539', 1827870800, 178),
('AAPL', '1995-10-01', '1.3482', '1.4129', '1.2009', '1.2969', '1.1249', 1624627200, 179),
('AAPL', '1995-11-01', '1.3080', '1.5179', '1.2679', '1.3616', '1.1811', 1216073600, 180),
('AAPL', '1995-12-01', '1.3571', '1.4330', '1.1295', '1.1384', '0.9905', 1640060800, 181),
('AAPL', '1996-01-01', '1.1518', '1.2679', '0.9593', '0.9866', '0.8584', 2147483647, 182),
('AAPL', '1996-02-01', '0.9821', '1.0804', '0.9732', '0.9821', '0.8546', 1163024800, 183),
('AAPL', '1996-03-01', '0.9866', '0.9866', '0.8214', '0.8772', '0.7633', 836687600, 184),
('AAPL', '1996-04-01', '0.8973', '0.9464', '0.8482', '0.8705', '0.7575', 716769200, 185),
('AAPL', '1996-05-01', '0.8705', '1.0313', '0.8393', '0.9330', '0.8118', 900975600, 186),
('AAPL', '1996-06-01', '0.9241', '0.9286', '0.7009', '0.7500', '0.6526', 1168484800, 187),
('AAPL', '1996-07-01', '0.7545', '0.8125', '0.5714', '0.7857', '0.6837', 1200872400, 188),
('AAPL', '1996-08-01', '0.7857', '0.8929', '0.7411', '0.8661', '0.7536', 796843600, 189),
('AAPL', '1996-09-01', '0.8616', '0.8795', '0.7232', '0.7924', '0.6895', 803387200, 190),
('AAPL', '1996-10-01', '0.7857', '0.9911', '0.7857', '0.8214', '0.7147', 1454244400, 191),
('AAPL', '1996-11-01', '0.8348', '0.9420', '0.8259', '0.8616', '0.7497', 645341200, 192),
('AAPL', '1996-12-01', '0.8616', '0.9107', '0.7411', '0.7455', '0.6487', 1036870800, 193),
('AAPL', '1997-01-01', '0.7545', '0.7946', '0.5893', '0.5938', '0.5166', 2147483647, 194),
('AAPL', '1997-02-01', '0.6027', '0.6384', '0.5402', '0.5804', '0.5050', 1143542400, 195),
('AAPL', '1997-03-01', '0.5893', '0.6920', '0.5670', '0.6518', '0.5671', 1125560800, 196),
('AAPL', '1997-04-01', '0.6295', '0.7098', '0.5982', '0.6071', '0.5283', 952431200, 197),
('AAPL', '1997-05-01', '0.6027', '0.6429', '0.5848', '0.5938', '0.5166', 573176800, 198),
('AAPL', '1997-06-01', '0.6071', '0.6116', '0.5000', '0.5089', '0.4428', 643076000, 199),
('AAPL', '1997-07-01', '0.4978', '0.6473', '0.4554', '0.6250', '0.5438', 1695593200, 200),
('AAPL', '1997-08-01', '0.6295', '1.0558', '0.6272', '0.7768', '0.6759', 2147483647, 201),
('AAPL', '1997-09-01', '0.7857', '0.8304', '0.7500', '0.7746', '0.6739', 901518800, 202),
('AAPL', '1997-10-01', '0.7746', '0.8839', '0.5670', '0.6083', '0.5292', 1607510800, 203),
('AAPL', '1997-11-01', '0.6272', '0.7679', '0.6027', '0.6339', '0.5516', 1386870800, 204),
('AAPL', '1997-12-01', '0.6317', '0.6406', '0.4554', '0.4688', '0.4079', 1274448000, 205),
('AAPL', '1998-01-01', '0.4866', '0.7143', '0.4821', '0.6540', '0.5691', 2147483647, 206),
('AAPL', '1998-02-01', '0.6607', '0.8527', '0.6205', '0.8438', '0.7341', 1838541600, 207),
('AAPL', '1998-03-01', '0.8415', '1.0000', '0.7723', '0.9821', '0.8546', 2147483647, 208),
('AAPL', '1998-04-01', '0.9799', '1.0580', '0.8817', '0.9777', '0.8507', 2020471600, 209),
('AAPL', '1998-05-01', '0.9821', '1.1295', '0.9152', '0.9509', '0.8274', 1700834800, 210),
('AAPL', '1998-06-01', '0.9464', '1.0357', '0.9152', '1.0246', '0.8915', 977460400, 211),
('AAPL', '1998-07-01', '1.0313', '1.3616', '1.0179', '1.2366', '1.0760', 2147483647, 212),
('AAPL', '1998-08-01', '1.2232', '1.5625', '1.1071', '1.1138', '0.9692', 2147483647, 213),
('AAPL', '1998-09-01', '1.1205', '1.4353', '1.0938', '1.3616', '1.1847', 2020079600, 214),
('AAPL', '1998-10-01', '1.3125', '1.4754', '1.0179', '1.3259', '1.1537', 2147483647, 215),
('AAPL', '1998-11-01', '1.3393', '1.4063', '1.1339', '1.1406', '0.9925', 2147483647, 216),
('AAPL', '1998-12-01', '1.1429', '1.4821', '1.1295', '1.4621', '1.2721', 2147483647, 217),
('AAPL', '1999-01-01', '1.5045', '1.6897', '1.3237', '1.4710', '1.2799', 2147483647, 218),
('AAPL', '1999-02-01', '1.4888', '1.4978', '1.2321', '1.2433', '1.0818', 2029129200, 219),
('AAPL', '1999-03-01', '1.2433', '1.3259', '1.1429', '1.2835', '1.1168', 2147483647, 220),
('AAPL', '1999-04-01', '1.2879', '1.6830', '1.1964', '1.6429', '1.4295', 2147483647, 221),
('AAPL', '1999-05-01', '1.6451', '1.7857', '1.4621', '1.5737', '1.3692', 2147483647, 222),
('AAPL', '1999-06-01', '1.6071', '1.7500', '1.5022', '1.6540', '1.4392', 1729655200, 223),
('AAPL', '1999-07-01', '1.6540', '2.0223', '1.6138', '1.9888', '1.7305', 2147483647, 224),
('AAPL', '1999-08-01', '1.9866', '2.3527', '1.8616', '2.3304', '2.0276', 2147483647, 225),
('AAPL', '1999-09-01', '2.3929', '2.8616', '2.0513', '2.2612', '1.9674', 2147483647, 226),
('AAPL', '1999-10-01', '2.2188', '2.8951', '2.1250', '2.8616', '2.4899', 2147483647, 227),
('AAPL', '1999-11-01', '2.8571', '3.7054', '2.7612', '3.4955', '3.0415', 2147483647, 228),
('AAPL', '1999-12-01', '3.6071', '4.2143', '3.2522', '3.6719', '3.1949', 2147483647, 229),
('AAPL', '2000-01-01', '3.7455', '4.3393', '3.0893', '3.7054', '3.2240', 2147483647, 230),
('AAPL', '2000-02-01', '3.7143', '4.2835', '3.4643', '4.0938', '3.5620', 1829945600, 231),
('AAPL', '2000-03-01', '4.2344', '5.3705', '4.0714', '4.8504', '4.2204', 2147483647, 232),
('AAPL', '2000-04-01', '4.8393', '4.9821', '3.7455', '4.4308', '3.8552', 2147483647, 233),
('AAPL', '2000-05-01', '4.4598', '4.5089', '2.9196', '3.0000', '2.6103', 2147483647, 234),
('AAPL', '2000-06-01', '2.9196', '4.1161', '2.8705', '3.7411', '3.2551', 2026301200, 235),
('AAPL', '2000-07-01', '3.7232', '4.3304', '3.3482', '3.6295', '3.1580', 1436692600, 236),
('AAPL', '2000-08-01', '3.5938', '4.3929', '3.1607', '4.3527', '3.7873', 1409021600, 237),
('AAPL', '2000-09-01', '4.3795', '4.5804', '1.8125', '1.8393', '1.6004', 2147483647, 238),
('AAPL', '2000-10-01', '1.9063', '1.9107', '1.2500', '1.3973', '1.2158', 2147483647, 239),
('AAPL', '2000-11-01', '1.3884', '1.6429', '1.1518', '1.1786', '1.0255', 2122093400, 240),
('AAPL', '2000-12-01', '1.2143', '1.2500', '0.9732', '1.0625', '0.9245', 2147483647, 241),
('AAPL', '2001-01-01', '1.0625', '1.6071', '1.0313', '1.5446', '1.3440', 2147483647, 242),
('AAPL', '2001-02-01', '1.4777', '1.5670', '1.2857', '1.3036', '1.1342', 1755941600, 243),
('AAPL', '2001-03-01', '1.2723', '1.6964', '1.2277', '1.5764', '1.3717', 2147483647, 244),
('AAPL', '2001-04-01', '1.5779', '1.9371', '1.3393', '1.8207', '1.5842', 2147483647, 245),
('AAPL', '2001-05-01', '1.8150', '1.9071', '1.3786', '1.4250', '1.2399', 1867108600, 246),
('AAPL', '2001-06-01', '1.4379', '1.7929', '1.3821', '1.6607', '1.4450', 1909566400, 247),
('AAPL', '2001-07-01', '1.6886', '1.8014', '1.2750', '1.3421', '1.1678', 2147483647, 248),
('AAPL', '2001-08-01', '1.3579', '1.4214', '1.2343', '1.3250', '1.1529', 1282339800, 249),
('AAPL', '2001-09-01', '1.3214', '1.3629', '1.0486', '1.1079', '0.9639', 1382880800, 250),
('AAPL', '2001-10-01', '1.1064', '1.3871', '1.0593', '1.2543', '1.0914', 1886061800, 251),
('AAPL', '2001-11-01', '1.2607', '1.5393', '1.2321', '1.5214', '1.3238', 1342436200, 252),
('AAPL', '2001-12-01', '1.5043', '1.7164', '1.4350', '1.5643', '1.3611', 1157459800, 253),
('AAPL', '2002-01-01', '1.5750', '1.7664', '1.4464', '1.7657', '1.5364', 2128844200, 254),
('AAPL', '2002-02-01', '1.7386', '1.8557', '1.4957', '1.5500', '1.3487', 1959356000, 255),
('AAPL', '2002-03-01', '1.5664', '1.8071', '1.5586', '1.6907', '1.4711', 1329645800, 256),
('AAPL', '2002-04-01', '1.6700', '1.8693', '1.6429', '1.7336', '1.5084', 1605709000, 257),
('AAPL', '2002-05-01', '1.7350', '1.8557', '1.5814', '1.6643', '1.4481', 1494039400, 258),
('AAPL', '2002-06-01', '1.6707', '1.6750', '1.1414', '1.2657', '1.1013', 2147483647, 259),
('AAPL', '2002-07-01', '1.2650', '1.3421', '0.9857', '1.0900', '0.9484', 2029603800, 260),
('AAPL', '2002-08-01', '1.0793', '1.1607', '0.9979', '1.0536', '0.9167', 1287921600, 261),
('AAPL', '2002-09-01', '1.0350', '1.0850', '1.0036', '1.0357', '0.9012', 1322959400, 262),
('AAPL', '2002-10-01', '1.0421', '1.1743', '0.9543', '1.1479', '0.9988', 1652858200, 263),
('AAPL', '2002-11-01', '1.1386', '1.2414', '1.0721', '1.1071', '0.9633', 1132930400, 264),
('AAPL', '2002-12-01', '1.1357', '1.1500', '0.9843', '1.0236', '0.8906', 1132609800, 265),
('AAPL', '2003-01-01', '1.0257', '1.0986', '0.9686', '1.0257', '0.8925', 1511458200, 266),
('AAPL', '2003-02-01', '1.0293', '1.0929', '0.9857', '1.0721', '0.9329', 1028575800, 267),
('AAPL', '2003-03-01', '1.0721', '1.0829', '1.0029', '1.0100', '0.8788', 1007101200, 268),
('AAPL', '2003-04-01', '1.0143', '1.0679', '0.9086', '1.0157', '0.8838', 1943835600, 269),
('AAPL', '2003-05-01', '1.0179', '1.3579', '1.0000', '1.2821', '1.1156', 2147483647, 270),
('AAPL', '2003-06-01', '1.2929', '1.4064', '1.1879', '1.3614', '1.1846', 1528333800, 271),
('AAPL', '2003-07-01', '1.3479', '1.5407', '1.3221', '1.5057', '1.3101', 1304567600, 272),
('AAPL', '2003-08-01', '1.5000', '1.6321', '1.3871', '1.6150', '1.4052', 1076891200, 273),
('AAPL', '2003-09-01', '1.6186', '1.6657', '1.4393', '1.4800', '1.2877', 1336871200, 274),
('AAPL', '2003-10-01', '1.4793', '1.7864', '1.4421', '1.6350', '1.4226', 1760047800, 275),
('AAPL', '2003-11-01', '1.6307', '1.6643', '1.4179', '1.4936', '1.2996', 1243526200, 276),
('AAPL', '2003-12-01', '1.5029', '1.5643', '1.3750', '1.5264', '1.3281', 1363468400, 277),
('AAPL', '2004-01-01', '1.5393', '1.7743', '1.5129', '1.6114', '1.4021', 1981950600, 278),
('AAPL', '2004-02-01', '1.6043', '1.7214', '1.5500', '1.7086', '1.4866', 1230507600, 279),
('AAPL', '2004-03-01', '1.7214', '2.0100', '1.6857', '1.9314', '1.6805', 2147483647, 280),
('AAPL', '2004-04-01', '1.9207', '2.1129', '1.8207', '1.8414', '1.6022', 2147483647, 281),
('AAPL', '2004-05-01', '1.8571', '2.0557', '1.8214', '2.0043', '1.7439', 1326068800, 282),
('AAPL', '2004-06-01', '1.9850', '2.4421', '1.9721', '2.3243', '2.0224', 2056808600, 283),
('AAPL', '2004-07-01', '2.2929', '2.4021', '2.0529', '2.3100', '2.0099', 2147483647, 284),
('AAPL', '2004-08-01', '2.2271', '2.5129', '2.1214', '2.4636', '2.1436', 2002841400, 285),
('AAPL', '2004-09-01', '2.4500', '2.8050', '2.4421', '2.7679', '2.4083', 1918376600, 286),
('AAPL', '2004-10-01', '2.7943', '3.8000', '2.6893', '3.7429', '3.2567', 2147483647, 287),
('AAPL', '2004-11-01', '3.7500', '4.9693', '3.7171', '4.7893', '4.1672', 2147483647, 288),
('AAPL', '2004-12-01', '4.8421', '4.8536', '4.4000', '4.6000', '4.0025', 2147483647, 289),
('AAPL', '2005-01-01', '4.6271', '5.5636', '4.4714', '5.4929', '4.7793', 2147483647, 290),
('AAPL', '2005-02-01', '5.5036', '6.4914', '5.4700', '6.4086', '5.5761', 2147483647, 291),
('AAPL', '2005-03-01', '6.4271', '6.4443', '5.5471', '5.9529', '5.1796', 2147483647, 292),
('AAPL', '2005-04-01', '6.0129', '6.3500', '4.8571', '5.1514', '4.4823', 2147483647, 293),
('AAPL', '2005-05-01', '5.1729', '5.8486', '4.7300', '5.6800', '4.9422', 2147483647, 294),
('AAPL', '2005-06-01', '5.6986', '5.8229', '5.0743', '5.2586', '4.5755', 2147483647, 295),
('AAPL', '2005-07-01', '5.2614', '6.3400', '5.1843', '6.0929', '5.3014', 2147483647, 296),
('AAPL', '2005-08-01', '6.0814', '6.9043', '6.0029', '6.6986', '5.8284', 2147483647, 297),
('AAPL', '2005-09-01', '6.7143', '7.7943', '6.5843', '7.6586', '6.6637', 2147483647, 298),
('AAPL', '2005-10-01', '7.7371', '8.2829', '6.8386', '8.2271', '7.1584', 2147483647, 299),
('AAPL', '2005-11-01', '8.1771', '10.1529', '8.1243', '9.6886', '8.4300', 2147483647, 300),
('AAPL', '2005-12-01', '9.8500', '10.7800', '9.8300', '10.2700', '8.9359', 2147483647, 301),
('AAPL', '2006-01-01', '10.3400', '12.3429', '10.1243', '10.7871', '9.3859', 2147483647, 302),
('AAPL', '2006-02-01', '10.7071', '10.9229', '8.9857', '9.7843', '8.5133', 2147483647, 303),
('AAPL', '2006-03-01', '9.8343', '9.9986', '8.2386', '8.9600', '7.7961', 2147483647, 304),
('AAPL', '2006-04-01', '9.0957', '10.2929', '8.7214', '10.0557', '8.7495', 2147483647, 305),
('AAPL', '2006-05-01', '10.1100', '10.5429', '8.3843', '8.5386', '7.4294', 2147483647, 306),
('AAPL', '2006-06-01', '8.5500', '9.0143', '7.9157', '8.1814', '7.1187', 2147483647, 307),
('AAPL', '2006-07-01', '8.2171', '9.8043', '7.1657', '9.7086', '8.4474', 2147483647, 308),
('AAPL', '2006-08-01', '9.6029', '10.0000', '8.9400', '9.6929', '8.4338', 2147483647, 309),
('AAPL', '2006-09-01', '9.7829', '11.1114', '9.6886', '10.9971', '9.5686', 2147483647, 310),
('AAPL', '2006-10-01', '10.7286', '11.8000', '10.3714', '11.5829', '10.0783', 2147483647, 311),
('AAPL', '2006-11-01', '11.5857', '13.3086', '11.1129', '13.0943', '11.3934', 2147483647, 312),
('AAPL', '2006-12-01', '13.1143', '13.1900', '10.9671', '12.1200', '10.5456', 2147483647, 313),
('AAPL', '2007-01-01', '12.3271', '13.9714', '11.7000', '12.2471', '10.6563', 2147483647, 314),
('AAPL', '2007-02-01', '12.3186', '12.9729', '11.8371', '12.0871', '10.5170', 2147483647, 315),
('AAPL', '2007-03-01', '12.0043', '13.8329', '11.9643', '13.2729', '11.5487', 2147483647, 316),
('AAPL', '2007-04-01', '13.4486', '14.6429', '12.8000', '14.2571', '12.4052', 2147483647, 317),
('AAPL', '2007-05-01', '14.2271', '17.4529', '14.0786', '17.3129', '15.0639', 2147483647, 318),
('AAPL', '2007-06-01', '17.3000', '18.2300', '16.4857', '17.4343', '15.1696', 2147483647, 319),
('AAPL', '2007-07-01', '17.2929', '21.2743', '17.0429', '18.8229', '16.3778', 2147483647, 320),
('AAPL', '2007-08-01', '19.0914', '19.9500', '15.9457', '19.7829', '17.2131', 2147483647, 321),
('AAPL', '2007-09-01', '19.9914', '22.1429', '18.5714', '21.9243', '19.0763', 2147483647, 322),
('AAPL', '2007-10-01', '22.0900', '27.1600', '21.8471', '27.1357', '23.6108', 2147483647, 323),
('AAPL', '2007-11-01', '26.9429', '27.5257', '21.5186', '26.0314', '22.6500', 2147483647, 324),
('AAPL', '2007-12-01', '25.9800', '28.9943', '25.2843', '28.2971', '24.6214', 2147483647, 325),
('AAPL', '2008-01-01', '28.4671', '28.6086', '18.0200', '19.3371', '16.8253', 2147483647, 326),
('AAPL', '2008-02-01', '19.4629', '19.5129', '16.4914', '17.8600', '15.5400', 2147483647, 327),
('AAPL', '2008-03-01', '17.7771', '20.8200', '16.8571', '20.5000', '17.8371', 2147483647, 328),
('AAPL', '2008-04-01', '20.9000', '25.7143', '20.5157', '24.8500', '21.6220', 2147483647, 329),
('AAPL', '2008-05-01', '24.9943', '27.4629', '24.5714', '26.9643', '23.4617', 2147483647, 330),
('AAPL', '2008-06-01', '26.9429', '27.1357', '23.4500', '23.9200', '20.8128', 2147483647, 331),
('AAPL', '2008-07-01', '23.4614', '25.8443', '20.9329', '22.7071', '19.7575', 2147483647, 332),
('AAPL', '2008-08-01', '22.8429', '25.7786', '21.8443', '24.2186', '21.0726', 2147483647, 333),
('AAPL', '2008-09-01', '24.6286', '24.7857', '14.3700', '16.2371', '14.1280', 2147483647, 334),
('AAPL', '2008-10-01', '15.9886', '16.6286', '12.1429', '15.3700', '13.3735', 2147483647, 335),
('AAPL', '2008-11-01', '15.1329', '15.9700', '11.3057', '13.2386', '11.5189', 2147483647, 336),
('AAPL', '2008-12-01', '13.0429', '14.8000', '12.0786', '12.1929', '10.6090', 2147483647, 337),
('AAPL', '2009-01-01', '12.2686', '13.8814', '11.1714', '12.8757', '11.2032', 2147483647, 338),
('AAPL', '2009-02-01', '12.7286', '14.7143', '12.3586', '12.7586', '11.1012', 2147483647, 339),
('AAPL', '2009-03-01', '12.5886', '15.7114', '11.7614', '15.0171', '13.0664', 2147483647, 340),
('AAPL', '2009-04-01', '14.8700', '18.1714', '14.8414', '17.9757', '15.6407', 2147483647, 341),
('AAPL', '2009-05-01', '17.9714', '19.4143', '17.0543', '19.4014', '16.8812', 2147483647, 342),
('AAPL', '2009-06-01', '19.4957', '20.9143', '18.9829', '20.3471', '17.7041', 2147483647, 343),
('AAPL', '2009-07-01', '20.5000', '23.5714', '19.2029', '23.3414', '20.3094', 2147483647, 344),
('AAPL', '2009-08-01', '23.6014', '24.6414', '22.7743', '24.0300', '20.9085', 2041281200, 345),
('AAPL', '2009-09-01', '23.9986', '26.9857', '23.4443', '26.4786', '23.0390', 2147483647, 346),
('AAPL', '2009-10-01', '26.4786', '29.8157', '25.8143', '26.9286', '23.4306', 2147483647, 347),
('AAPL', '2009-11-01', '27.1143', '29.7143', '26.5100', '28.5586', '24.8488', 2113696200, 348),
('AAPL', '2009-12-01', '28.8914', '30.5643', '26.9543', '30.1043', '26.1938', 2147483647, 349),
('AAPL', '2010-01-01', '30.4900', '30.7986', '27.1786', '27.4371', '23.8731', 2147483647, 350),
('AAPL', '2010-02-01', '27.4814', '29.3100', '27.2643', '29.2314', '25.4343', 2147483647, 351),
('AAPL', '2010-03-01', '29.3929', '33.9257', '29.3500', '33.5714', '29.2105', 2147483647, 352),
('AAPL', '2010-04-01', '33.9157', '38.9229', '33.2500', '37.2986', '32.4535', 2147483647, 353),
('AAPL', '2010-05-01', '37.6914', '38.2686', '28.4643', '36.6971', '31.9302', 2147483647, 354),
('AAPL', '2010-06-01', '37.0986', '39.8586', '34.6000', '35.9329', '31.2652', 2147483647, 355),
('AAPL', '2010-07-01', '36.3286', '37.9986', '34.2286', '36.7500', '31.9762', 2147483647, 356),
('AAPL', '2010-08-01', '37.2057', '37.7543', '33.6514', '34.7286', '30.2174', 2147483647, 357),
('AAPL', '2010-09-01', '35.3529', '42.1043', '35.1829', '40.5357', '35.2702', 2147483647, 358),
('AAPL', '2010-10-01', '40.8786', '45.5714', '39.6814', '42.9971', '37.4119', 2147483647, 359),
('AAPL', '2010-11-01', '43.1743', '45.9000', '42.5371', '44.4500', '38.6760', 2147483647, 360),
('AAPL', '2010-12-01', '45.0386', '46.6657', '44.9843', '46.0800', '40.0943', 1743308700, 361),
('AAPL', '2011-01-01', '46.5200', '49.8000', '46.4057', '48.4743', '42.1775', 2147483647, 362),
('AAPL', '2011-02-01', '48.7571', '52.1286', '48.2457', '50.4586', '43.9041', 2147483647, 363),
('AAPL', '2011-03-01', '50.7814', '51.6671', '46.6086', '49.7871', '43.3198', 2147483647, 364),
('AAPL', '2011-04-01', '50.1586', '50.7329', '45.7371', '50.0186', '43.5212', 2147483647, 365),
('AAPL', '2011-05-01', '49.9629', '50.2614', '47.0600', '49.6900', '43.2353', 1728015100, 366),
('AAPL', '2011-06-01', '49.8386', '50.3043', '44.3571', '47.9529', '41.7238', 2147483647, 367),
('AAPL', '2011-07-01', '47.9929', '57.7857', '47.7429', '55.7829', '48.5367', 2147483647, 368),
('AAPL', '2011-08-01', '56.8257', '57.0714', '50.4314', '54.9757', '47.8344', 2147483647, 369),
('AAPL', '2011-09-01', '55.1171', '60.4086', '52.3543', '54.4743', '47.3981', 2147483647, 370),
('AAPL', '2011-10-01', '54.3386', '60.9571', '50.6057', '57.8257', '50.3142', 2147483647, 371),
('AAPL', '2011-11-01', '56.7729', '58.2857', '51.9029', '54.6000', '47.5075', 2147483647, 372),
('AAPL', '2011-12-01', '54.6486', '58.4414', '53.9543', '57.8571', '50.3416', 1576633100, 373),
('AAPL', '2012-01-01', '58.4857', '65.4629', '58.4286', '65.2114', '56.7405', 1714963600, 374),
('AAPL', '2012-02-01', '65.4871', '78.2300', '64.8543', '77.4914', '67.4254', 2147483647, 375),
('AAPL', '2012-03-01', '78.3100', '88.7786', '73.7457', '85.6500', '74.5242', 2147483647, 376),
('AAPL', '2012-04-01', '85.9757', '92.0000', '79.2857', '83.4257', '72.5888', 2147483647, 377),
('AAPL', '2012-05-01', '83.5571', '85.2514', '74.5971', '82.5329', '71.8119', 2147483647, 378),
('AAPL', '2012-06-01', '81.3086', '84.2857', '78.3571', '83.4286', '72.5913', 1963956400, 379),
('AAPL', '2012-07-01', '83.5329', '88.5529', '81.4286', '87.2514', '75.9175', 2147483647, 380),
('AAPL', '2012-08-01', '87.9871', '97.2671', '85.7500', '95.0343', '82.6894', 2069051600, 381),
('AAPL', '2012-09-01', '95.1086', '100.7243', '93.7143', '95.3000', '83.2766', 2147483647, 382),
('AAPL', '2012-10-01', '95.8800', '96.6786', '83.9571', '85.0457', '74.3161', 2147483647, 383),
('AAPL', '2012-11-01', '85.4600', '86.1429', '72.2500', '83.6114', '73.0628', 2147483647, 384),
('AAPL', '2012-12-01', '84.8071', '84.9414', '71.6043', '76.0243', '66.7362', 2147483647, 385),
('AAPL', '2013-01-01', '79.1171', '79.2857', '62.1429', '65.0700', '57.1203', 2147483647, 386),
('AAPL', '2013-02-01', '65.5871', '69.2771', '62.5229', '63.0571', '55.3533', 2147483647, 387),
('AAPL', '2013-03-01', '62.5714', '67.1357', '59.8571', '63.2371', '55.8348', 2147483647, 388),
('AAPL', '2013-04-01', '63.1286', '63.6071', '55.0143', '63.2543', '55.8500', 2147483647, 389),
('AAPL', '2013-05-01', '63.4943', '66.5357', '59.8429', '64.2471', '56.7266', 2147483647, 390),
('AAPL', '2013-06-01', '64.3900', '64.9186', '55.5529', '56.6471', '50.3473', 1754634000, 391),
('AAPL', '2013-07-01', '57.5271', '65.3343', '57.3171', '64.6471', '57.4576', 1634528700, 392),
('AAPL', '2013-08-01', '65.1071', '73.3914', '64.7514', '69.6029', '61.8622', 2014584600, 393),
('AAPL', '2013-09-01', '70.4429', '72.5600', '63.8886', '68.1071', '60.9325', 2147483647, 394),
('AAPL', '2013-10-01', '68.3500', '77.0357', '68.3257', '74.6714', '66.8053', 1959433000, 395),
('AAPL', '2013-11-01', '74.8600', '79.7614', '73.1971', '79.4386', '71.0702', 1306288900, 396),
('AAPL', '2013-12-01', '79.7143', '82.1629', '76.9714', '80.1457', '72.1215', 1764349300, 397),
('AAPL', '2014-01-01', '79.3829', '80.0286', '70.5071', '71.5143', '64.3542', 2147483647, 398),
('AAPL', '2014-02-01', '71.8014', '78.7414', '71.3286', '75.1771', '67.6504', 1470091700, 399),
('AAPL', '2014-03-01', '74.7743', '78.4286', '74.6871', '76.6771', '69.4132', 1250424700, 400),
('AAPL', '2014-04-01', '76.8229', '85.6329', '73.0471', '84.2986', '76.3126', 1608765200, 401),
('AAPL', '2014-05-01', '84.5714', '92.0243', '82.9043', '90.4286', '81.8619', 1433917100, 402),
('AAPL', '2014-06-01', '90.5657', '95.0500', '88.9286', '92.9300', '84.5963', 1206934800, 403),
('AAPL', '2014-07-01', '93.5200', '99.4400', '92.5700', '95.6000', '87.0268', 1035086000, 404),
('AAPL', '2014-08-01', '94.9000', '102.9000', '93.2800', '102.5000', '93.3080', 937077000, 405),
('AAPL', '2014-09-01', '103.0600', '103.7400', '96.1400', '100.7500', '92.1712', 1526420000, 406),
('AAPL', '2014-10-01', '100.5900', '108.0400', '95.1800', '108.0000', '98.8038', 1360280200, 407),
('AAPL', '2014-11-01', '108.2200', '119.7500', '107.7200', '118.9300', '108.8031', 820408200, 408),
('AAPL', '2014-12-01', '118.8100', '119.2500', '106.2600', '110.3800', '101.4191', 1073594600, 409),
('AAPL', '2015-01-01', '111.3900', '120.0000', '104.6300', '117.1600', '107.6486', 1305263400, 410),
('AAPL', '2015-02-01', '118.0500', '133.6000', '116.0800', '128.4600', '118.0313', 1136535200, 411),
('AAPL', '2015-03-01', '129.2500', '130.2800', '121.6300', '124.4300', '114.7796', 1138642100, 412),
('AAPL', '2015-04-01', '124.8200', '134.5400', '123.1000', '125.1500', '115.4438', 996135500, 413),
('AAPL', '2015-05-01', '126.1000', '132.9700', '123.3600', '130.2800', '120.1759', 954152100, 414),
('AAPL', '2015-06-01', '130.2800', '131.3900', '124.4800', '125.4300', '116.1854', 878606700, 415),
('AAPL', '2015-07-01', '126.9000', '132.9700', '119.2200', '121.3000', '112.3598', 1058280600, 416),
('AAPL', '2015-08-01', '121.5000', '122.5700', '92.0000', '112.9200', '104.5974', 1786858800, 417),
('AAPL', '2015-09-01', '110.1500', '116.8900', '107.3600', '110.3000', '102.6330', 1206547300, 418),
('AAPL', '2015-10-01', '109.0700', '121.2200', '107.3100', '119.5000', '111.1935', 1112512100, 419),
('AAPL', '2015-11-01', '120.8000', '123.8200', '111.0000', '118.3000', '110.0769', 750640600, 420),
('AAPL', '2015-12-01', '118.7500', '119.8600', '104.8200', '105.2600', '98.3626', 921915200, 421),
('AAPL', '2016-01-01', '102.6100', '105.8500', '92.3900', '97.3400', '90.9615', 1271848000, 422),
('AAPL', '2016-02-01', '96.4700', '98.8900', '92.5900', '96.6900', '90.3542', 810862600, 423),
('AAPL', '2016-03-01', '97.6500', '110.4200', '97.4200', '108.9900', '102.4008', 746049600, 424),
('AAPL', '2016-04-01', '108.7800', '112.3900', '92.5100', '93.7400', '88.0728', 872383700, 425),
('AAPL', '2016-05-01', '93.9700', '100.7300', '89.4700', '99.8600', '93.8228', 900671500, 426),
('AAPL', '2016-06-01', '99.0200', '101.8900', '91.5000', '95.6000', '90.3672', 779497700, 427),
('AAPL', '2016-07-01', '95.4900', '104.5500', '94.3700', '104.2100', '98.5059', 685779600, 428),
('AAPL', '2016-08-01', '104.4100', '110.2300', '104.0000', '106.1000', '100.2925', 630128500, 429),
('AAPL', '2016-09-01', '106.1400', '116.1800', '102.5300', '113.0500', '107.4409', 968015600, 430),
('AAPL', '2016-10-01', '112.7100', '118.6900', '112.2800', '113.5400', '107.9066', 686914300, 431),
('AAPL', '2016-11-01', '113.4600', '113.7700', '104.0800', '110.5200', '105.0365', 721555000, 432),
('AAPL', '2016-12-01', '110.3700', '118.0200', '108.2500', '115.8200', '110.6386', 608771700, 433),
('AAPL', '2017-01-01', '115.8000', '122.4400', '114.7600', '121.3500', '115.9212', 563122000, 434),
('AAPL', '2017-02-01', '127.0300', '137.4800', '127.0100', '136.9900', '130.8616', 574968600, 435),
('AAPL', '2017-03-01', '137.8900', '144.5000', '137.0500', '143.6600', '137.8282', 561628400, 436),
('AAPL', '2017-04-01', '143.7100', '145.4600', '140.0600', '143.6500', '137.8186', 373304100, 437),
('AAPL', '2017-05-01', '145.1000', '156.6500', '144.2700', '152.7600', '146.5587', 653981800, 438),
('AAPL', '2017-06-01', '153.1700', '155.9800', '142.2000', '144.0200', '138.7439', 684178100, 439),
('AAPL', '2017-07-01', '144.8800', '153.9900', '142.4100', '148.7300', '143.2813', 422011900, 440),
('AAPL', '2017-08-01', '149.1000', '164.5200', '148.4100', '164.0000', '157.9919', 661069000, 441),
('AAPL', '2017-09-01', '164.8000', '164.9400', '149.1600', '154.1200', '149.0569', 680374100, 442),
('AAPL', '2017-10-01', '154.2600', '169.6500', '152.4600', '169.0400', '163.4868', 504291300, 443),
('AAPL', '2017-11-01', '169.8700', '176.2400', '165.2800', '171.8500', '166.2045', 600663400, 444),
('AAPL', '2017-12-01', '169.9500', '177.2000', '166.4600', '169.2300', '164.2589', 531183800, 445),
('AAPL', '2018-01-01', '170.1600', '180.1000', '164.7000', '167.4300', '162.5118', 659679400, 446),
('AAPL', '2018-02-01', '167.1700', '180.6200', '150.2400', '178.1200', '172.8878', 927894300, 447),
('AAPL', '2018-03-01', '178.5400', '183.5000', '164.9400', '167.7800', '163.5155', 713727700, 448),
('AAPL', '2018-04-01', '166.6400', '178.9400', '160.6300', '165.2600', '161.0595', 666154300, 449),
('AAPL', '2018-05-01', '166.4100', '190.3700', '165.2700', '186.8700', '182.1202', 620976300, 450),
('AAPL', '2018-06-01', '187.9900', '194.2000', '180.7300', '185.1100', '181.1006', 527624500, 451),
('AAPL', '2018-07-01', '183.8200', '195.9600', '183.4200', '190.2900', '186.1684', 393691400, 452),
('AAPL', '2018-08-01', '199.1300', '228.8700', '197.3100', '227.6300', '222.6997', 700318900, 453),
('AAPL', '2018-09-01', '228.4100', '229.6700', '215.3000', '225.7400', '221.6252', 678972000, 454),
('AAPL', '2018-10-01', '227.9500', '233.4700', '206.0900', '218.8600', '214.8706', 789748500, 455),
('AAPL', '2018-11-01', '219.0500', '222.3600', '170.2600', '178.5800', '175.3248', 961326400, 456),
('AAPL', '2018-12-01', '184.4600', '184.9400', '146.5900', '157.7400', '155.4050', 898922500, 457),
('AAPL', '2019-01-01', '154.8900', '169.0000', '142.0000', '166.4400', '163.9762', 828087400, 458),
('AAPL', '2019-02-01', '166.9600', '175.8700', '165.9300', '173.1500', '170.5869', 472540600, 459),
('AAPL', '2019-03-01', '174.2800', '197.6900', '169.5000', '189.9500', '187.9408', 650981400, 460),
('AAPL', '2019-04-01', '191.6400', '208.4800', '188.3800', '200.6700', '198.5475', 506117700, 461),
('AAPL', '2019-05-01', '209.8800', '215.3100', '174.9900', '175.0700', '173.2182', 739456600, 462),
('AAPL', '2019-06-01', '175.6000', '201.5700', '170.2700', '197.9200', '196.5807', 515155000, 463),
('AAPL', '2019-07-01', '203.1700', '221.3700', '198.4100', '213.0400', '211.5984', 473957000, 464),
('AAPL', '2019-08-01', '213.9000', '218.0300', '192.5800', '208.7400', '207.3275', 681074600, 465),
('AAPL', '2019-09-01', '206.4300', '226.4200', '204.2200', '223.9700', '223.2996', 542567100, 466),
('AAPL', '2019-10-01', '225.0700', '249.7500', '215.1300', '248.7600', '248.0154', 608302700, 467),
('AAPL', '2019-11-01', '249.5400', '268.0000', '249.1600', '267.2500', '266.4500', 448331500, 468),
('AAPL', '2019-12-01', '267.2700', '293.9700', '256.2900', '289.8000', '289.8000', 535968700, 469),
('AAPL', '2019-12-27', '291.1200', '293.9700', '288.1200', '289.8000', '289.8000', 35447203, 470),
('SKT', '1993-05-01', '5.9063', '6.2813', '5.8750', '6.2500', '0.0495', 8848000, 471),
('SKT', '1993-06-01', '6.2500', '6.5625', '5.9688', '6.3750', '0.0505', 5005600, 472),
('SKT', '1993-07-01', '6.4375', '7.1875', '6.4375', '6.9688', '0.0552', 2372400, 473),
('SKT', '1993-08-01', '6.9688', '6.9688', '6.5000', '6.8125', '0.0549', 1618000, 474),
('SKT', '1993-09-01', '6.9375', '7.4375', '6.8125', '7.1563', '0.0577', 1647600, 475),
('SKT', '1993-10-01', '7.0938', '7.3125', '6.8750', '7.1563', '0.0577', 1894400, 476),
('SKT', '1993-11-01', '7.1250', '7.5000', '6.8750', '6.9688', '0.0597', 2362800, 477),
('SKT', '1993-12-01', '6.9688', '7.2500', '6.3750', '7.1875', '0.0616', 2365600, 478),
('SKT', '1994-01-01', '7.1563', '7.5000', '7.0625', '7.3125', '0.0636', 1570800, 479),
('SKT', '1994-02-01', '7.3125', '8.6875', '7.2813', '8.4688', '0.0781', 2472800, 480),
('SKT', '1994-03-01', '8.4688', '8.6875', '7.8750', '7.9688', '0.0735', 3366800, 481),
('SKT', '1994-04-01', '7.9375', '8.4375', '7.9375', '8.0938', '0.0746', 1111600, 482),
('SKT', '1994-05-01', '8.0938', '8.1250', '7.4375', '7.5938', '0.0742', 1132000, 483),
('SKT', '1994-06-01', '7.5938', '8.0625', '7.0000', '7.2188', '0.0705', 1702800, 484),
('SKT', '1994-07-01', '7.2188', '7.3125', '6.5000', '6.6250', '0.0647', 2184800, 485),
('SKT', '1994-08-01', '6.6250', '7.2188', '6.1875', '7.0000', '0.0734', 2112400, 486),
('SKT', '1994-09-01', '7.0000', '7.0625', '6.0000', '6.2500', '0.0655', 1876400, 487),
('SKT', '1994-10-01', '6.1875', '6.2813', '5.5938', '5.6250', '0.0590', 1557200, 488),
('SKT', '1994-11-01', '5.5938', '5.5938', '5.0625', '5.5313', '0.0627', 2851600, 489),
('SKT', '1994-12-01', '5.5625', '5.9375', '5.1875', '5.8750', '0.0666', 4396400, 490),
('SKT', '1995-01-01', '5.8750', '6.2813', '5.7188', '5.9688', '0.0677', 1180800, 491),
('SKT', '1995-02-01', '6.0000', '6.8125', '5.9375', '6.3438', '0.0777', 1465600, 492),
('SKT', '1995-03-01', '6.3438', '6.4063', '5.6875', '5.9375', '0.0727', 1105600, 493),
('SKT', '1995-04-01', '5.9063', '6.0313', '5.6875', '5.8438', '0.0716', 778400, 494),
('SKT', '1995-05-01', '5.8438', '6.5313', '5.7813', '6.2500', '0.0835', 1094800, 495),
('SKT', '1995-06-01', '6.2500', '6.6875', '6.1875', '6.3438', '0.0848', 1292800, 496),
('SKT', '1995-07-01', '6.3438', '6.9375', '6.3438', '6.7500', '0.0902', 1024000, 497),
('SKT', '1995-08-01', '6.7500', '6.8750', '6.3125', '6.5000', '0.0937', 2412800, 498),
('SKT', '1995-09-01', '6.5000', '6.5625', '6.1250', '6.2188', '0.0896', 1383600, 499),
('SKT', '1995-10-01', '6.2188', '6.3438', '5.8125', '5.8750', '0.0847', 1276800, 500),
('SKT', '1995-11-01', '5.8750', '5.9375', '5.6563', '5.7500', '0.0903', 1176400, 501),
('SKT', '1995-12-01', '5.8125', '6.5000', '5.7813', '6.2500', '0.0982', 1200000, 502),
('SKT', '1996-01-01', '6.1875', '6.5000', '5.9688', '6.1875', '0.0972', 772400, 503),
('SKT', '1996-02-01', '6.2500', '6.2500', '5.8438', '6.0938', '0.1039', 851200, 504),
('SKT', '1996-03-01', '6.0938', '6.4063', '6.0313', '6.1875', '0.1055', 1668000, 505),
('SKT', '1996-04-01', '6.2188', '6.3438', '6.0313', '6.1250', '0.1044', 680000, 506),
('SKT', '1996-05-01', '6.1563', '6.1563', '6.0000', '6.0625', '0.1126', 1239600, 507),
('SKT', '1996-06-01', '6.0625', '6.1250', '5.6563', '5.8125', '0.1080', 1613600, 508),
('SKT', '1996-07-01', '5.8438', '6.0938', '5.7188', '5.8750', '0.1091', 2641200, 509),
('SKT', '1996-08-01', '5.9375', '6.1250', '5.8438', '6.0313', '0.1228', 1406800, 510),
('SKT', '1996-09-01', '6.0313', '6.2188', '6.0000', '6.1563', '0.1253', 1932800, 511),
('SKT', '1996-10-01', '6.1563', '6.2188', '5.9063', '6.0625', '0.1234', 3982400, 512),
('SKT', '1996-11-01', '6.0625', '6.1563', '5.9375', '6.0000', '0.1334', 1186000, 513),
('SKT', '1996-12-01', '5.9375', '6.8438', '5.8750', '6.8125', '0.1514', 2030000, 514),
('SKT', '1997-01-01', '6.7813', '6.8750', '6.3750', '6.4375', '0.1431', 4814800, 515),
('SKT', '1997-02-01', '6.4375', '6.5625', '6.0000', '6.2188', '0.1498', 2244400, 516),
('SKT', '1997-03-01', '6.2500', '6.6563', '6.1875', '6.5625', '0.1580', 1912000, 517),
('SKT', '1997-04-01', '6.5625', '6.5938', '5.7500', '6.2500', '0.1505', 2427600, 518),
('SKT', '1997-05-01', '6.2500', '6.7813', '6.2188', '6.7500', '0.1777', 1550800, 519),
('SKT', '1997-06-01', '6.7188', '6.8125', '6.6250', '6.7188', '0.1769', 2261600, 520),
('SKT', '1997-07-01', '6.7188', '7.4531', '6.7188', '7.1250', '0.1876', 2476400, 521),
('SKT', '1997-08-01', '7.1250', '7.4375', '7.0156', '7.2656', '0.2071', 1161200, 522),
('SKT', '1997-09-01', '7.2500', '7.4688', '7.2188', '7.3594', '0.2098', 2966000, 523),
('SKT', '1997-10-01', '7.3594', '7.7500', '6.6250', '7.1250', '0.2031', 3163600, 524),
('SKT', '1997-11-01', '7.1406', '7.3125', '6.9375', '7.2188', '0.2216', 1665600, 525),
('SKT', '1997-12-01', '7.2656', '7.6875', '7.1875', '7.6406', '0.2345', 1362400, 526),
('SKT', '1998-01-01', '7.6094', '7.7188', '7.5000', '7.7188', '0.2369', 1437200, 527),
('SKT', '1998-02-01', '7.7344', '7.7969', '7.5156', '7.5625', '0.2500', 1370400, 528),
('SKT', '1998-03-01', '7.5625', '7.6250', '7.1406', '7.2813', '0.2407', 2071600, 529),
('SKT', '1998-04-01', '7.3438', '7.7188', '7.2813', '7.5469', '0.2495', 1239600, 530),
('SKT', '1998-05-01', '7.5781', '7.9688', '7.5000', '7.7656', '0.2784', 1853200, 531),
('SKT', '1998-06-01', '7.7344', '7.9219', '7.4375', '7.9219', '0.2840', 1605200, 532),
('SKT', '1998-07-01', '7.9063', '7.9688', '6.9688', '7.1719', '0.2571', 1643200, 533),
('SKT', '1998-08-01', '7.1875', '7.1875', '6.5000', '6.5469', '0.2550', 1574000, 534),
('SKT', '1998-09-01', '6.5781', '6.6875', '5.5000', '5.6719', '0.2210', 3745200, 535),
('SKT', '1998-10-01', '5.6719', '5.9688', '4.7031', '5.4844', '0.2137', 3900800, 536),
('SKT', '1998-11-01', '5.5000', '5.7500', '5.3906', '5.6094', '0.2451', 1978400, 537),
('SKT', '1998-12-01', '5.6094', '5.6719', '4.9375', '5.2969', '0.2315', 2849600, 538),
('SKT', '1999-01-01', '5.3438', '5.6875', '5.0313', '5.0313', '0.2198', 2765600, 539),
('SKT', '1999-02-01', '5.0469', '5.1094', '4.6719', '4.9844', '0.2448', 1929600, 540),
('SKT', '1999-03-01', '5.0469', '5.2188', '4.7500', '4.7813', '0.2348', 2271600, 541),
('SKT', '1999-04-01', '4.7813', '6.6250', '4.7031', '6.4375', '0.3162', 6888400, 542),
('SKT', '1999-05-01', '6.4531', '6.5313', '6.1406', '6.2344', '0.3373', 3260400, 543),
('SKT', '1999-06-01', '6.2344', '6.5469', '6.1563', '6.5000', '0.3517', 2090400, 544),
('SKT', '1999-07-01', '6.5000', '6.6875', '6.2656', '6.3125', '0.3415', 1678800, 545),
('SKT', '1999-08-01', '6.3438', '6.3906', '6.0625', '6.0781', '0.3622', 1282000, 546),
('SKT', '1999-09-01', '6.0938', '6.1875', '5.4844', '5.7031', '0.3399', 1950800, 547),
('SKT', '1999-10-01', '5.7031', '5.7969', '5.3750', '5.4063', '0.3222', 1525600, 548),
('SKT', '1999-11-01', '5.3906', '5.7500', '5.0625', '5.4063', '0.3610', 2463600, 549),
('SKT', '1999-12-01', '5.3594', '5.5000', '4.7344', '5.1875', '0.3464', 3401200, 550),
('SKT', '2000-01-01', '5.1406', '5.7188', '5.0938', '5.2813', '0.3527', 2731200, 551),
('SKT', '2000-02-01', '5.2813', '5.3125', '4.7813', '4.8594', '0.3637', 2584800, 552),
('SKT', '2000-03-01', '4.8594', '5.0000', '4.6250', '4.7969', '0.3591', 2525200, 553),
('SKT', '2000-04-01', '4.8281', '5.8906', '4.7188', '5.4375', '0.4070', 2324800, 554),
('SKT', '2000-05-01', '5.4375', '6.0000', '5.4063', '5.8281', '0.4866', 1579600, 555);
INSERT INTO `histories` (`symbol`, `date`, `open`, `high`, `low`, `close`, `adjClose`, `volume`, `id`) VALUES
('SKT', '2000-06-01', '5.8125', '6.0000', '5.5938', '5.8789', '0.4908', 1505600, 556),
('SKT', '2000-07-01', '5.8438', '6.2188', '5.6563', '5.7656', '0.4814', 1518400, 557),
('SKT', '2000-08-01', '5.7969', '6.0469', '5.2656', '5.2656', '0.4894', 1388800, 558),
('SKT', '2000-09-01', '5.2969', '5.6250', '5.2500', '5.5000', '0.5112', 1368400, 559),
('SKT', '2000-10-01', '5.4844', '5.5938', '5.1875', '5.2500', '0.4880', 1655200, 560),
('SKT', '2000-11-01', '5.2500', '5.2500', '4.8750', '5.0156', '0.5245', 1882000, 561),
('SKT', '2000-12-01', '5.0156', '5.7813', '4.9531', '5.7031', '0.5964', 1813600, 562),
('SKT', '2001-01-01', '5.7344', '5.9063', '5.3906', '5.5500', '0.5804', 2108400, 563),
('SKT', '2001-02-01', '5.5500', '5.8100', '5.3750', '5.4375', '0.6352', 1398800, 564),
('SKT', '2001-03-01', '5.3875', '5.6250', '4.9375', '5.1625', '0.6030', 2332800, 565),
('SKT', '2001-04-01', '5.1000', '5.6875', '5.0850', '5.4975', '0.6422', 1846000, 566),
('SKT', '2001-05-01', '5.4900', '5.7375', '5.2475', '5.6175', '0.7363', 1692800, 567),
('SKT', '2001-06-01', '5.6500', '5.7500', '5.2550', '5.7500', '0.7537', 2550800, 568),
('SKT', '2001-07-01', '5.7500', '5.7500', '5.3750', '5.3875', '0.7061', 3153200, 569),
('SKT', '2001-08-01', '5.3625', '5.5750', '5.3150', '5.4875', '0.8059', 2176000, 570),
('SKT', '2001-09-01', '5.4900', '5.5000', '4.7750', '5.1750', '0.7600', 1758800, 571),
('SKT', '2001-10-01', '5.2000', '5.2750', '4.9750', '5.1000', '0.7490', 2292800, 572),
('SKT', '2001-11-01', '5.0750', '5.2850', '5.0000', '5.2850', '0.8784', 1776000, 573),
('SKT', '2001-12-01', '5.2625', '5.3500', '5.0825', '5.2125', '0.8663', 1706400, 574),
('SKT', '2002-01-01', '5.1875', '5.8725', '5.1875', '5.6400', '0.9374', 2678800, 575),
('SKT', '2002-02-01', '5.6000', '6.2450', '5.4875', '6.1525', '1.1413', 1618400, 576),
('SKT', '2002-03-01', '6.1525', '6.8750', '5.9875', '6.6950', '1.2420', 3304800, 577),
('SKT', '2002-04-01', '6.5950', '7.4975', '6.3250', '6.5500', '1.2151', 5361600, 578),
('SKT', '2002-05-01', '6.5875', '6.9725', '6.5375', '6.7750', '1.3740', 1992400, 579),
('SKT', '2002-06-01', '6.8000', '7.5000', '6.6000', '7.3750', '1.4956', 2356800, 580),
('SKT', '2002-07-01', '7.3900', '7.4250', '5.7500', '7.1250', '1.4449', 4322400, 581),
('SKT', '2002-08-01', '7.1500', '7.4225', '6.7150', '7.2750', '1.6203', 1990000, 582),
('SKT', '2002-09-01', '7.2750', '7.4750', '6.8500', '6.9950', '1.5580', 4716000, 583),
('SKT', '2002-10-01', '7.0350', '7.2250', '6.0850', '7.0250', '1.5646', 5327600, 584),
('SKT', '2002-11-01', '7.0225', '7.3750', '6.9250', '7.3700', '1.7940', 2982400, 585),
('SKT', '2002-12-01', '7.3500', '7.8000', '7.2750', '7.7500', '1.8865', 2732400, 586),
('SKT', '2003-01-01', '7.7675', '7.7675', '7.2500', '7.3250', '1.7831', 3039600, 587),
('SKT', '2003-02-01', '7.3225', '7.5925', '7.2000', '7.5125', '1.9922', 1788400, 588),
('SKT', '2003-03-01', '7.4775', '7.7875', '7.2650', '7.7175', '2.0465', 2412800, 589),
('SKT', '2003-04-01', '7.7050', '8.3650', '7.6475', '8.0500', '2.1347', 3236400, 590),
('SKT', '2003-05-01', '8.0250', '8.2625', '7.9175', '8.0750', '2.3171', 4228800, 591),
('SKT', '2003-06-01', '8.0875', '8.4075', '8.0500', '8.2700', '2.3730', 3222800, 592),
('SKT', '2003-07-01', '8.2700', '9.2050', '8.2350', '8.8250', '2.5323', 3379200, 593),
('SKT', '2003-08-01', '8.8000', '8.8000', '8.2925', '8.4375', '2.5946', 2499600, 594),
('SKT', '2003-09-01', '8.4125', '9.1875', '8.3750', '9.1875', '2.8252', 2874800, 595),
('SKT', '2003-10-01', '9.1125', '10.0950', '9.0725', '10.0950', '3.1043', 4468800, 596),
('SKT', '2003-11-01', '10.1200', '10.7500', '9.8750', '10.2875', '3.3719', 3218800, 597),
('SKT', '2003-12-01', '10.2875', '10.6250', '10.1250', '10.1750', '3.3350', 9567200, 598),
('SKT', '2004-01-01', '10.1875', '10.5150', '10.1500', '10.4750', '3.4334', 6182400, 599),
('SKT', '2004-02-01', '10.4750', '10.9125', '10.2425', '10.5975', '3.6925', 5632800, 600),
('SKT', '2004-03-01', '10.5975', '11.3300', '10.5625', '11.3300', '3.9477', 6579200, 601),
('SKT', '2004-04-01', '11.3250', '11.7050', '9.1150', '9.5500', '3.3275', 13133200, 602),
('SKT', '2004-05-01', '9.5125', '9.8225', '8.7000', '9.7050', '3.6116', 6446000, 603),
('SKT', '2004-06-01', '9.6750', '10.0500', '9.3250', '9.7750', '3.6376', 8629600, 604),
('SKT', '2004-07-01', '9.7775', '10.4625', '9.4775', '9.9125', '3.6888', 7314800, 605),
('SKT', '2004-08-01', '9.8875', '11.0250', '9.8525', '11.0250', '4.3869', 5749200, 606),
('SKT', '2004-09-01', '11.0250', '11.3750', '10.8875', '11.1950', '4.4546', 5258400, 607),
('SKT', '2004-10-01', '11.1950', '11.8425', '11.1650', '11.8125', '4.7003', 3373200, 608),
('SKT', '2004-11-01', '11.7950', '12.7875', '11.7875', '12.5275', '5.2672', 4365200, 609),
('SKT', '2004-12-01', '12.5625', '13.3875', '12.5000', '13.2300', '5.5626', 5377800, 610),
('SKT', '2005-01-01', '13.1700', '13.2500', '11.7000', '11.8000', '4.9614', 7232200, 611),
('SKT', '2005-02-01', '11.8400', '12.5000', '11.6500', '11.9250', '5.1466', 4368000, 612),
('SKT', '2005-03-01', '11.9000', '12.1650', '10.9600', '11.0000', '4.7473', 6565200, 613),
('SKT', '2005-04-01', '11.0500', '11.8500', '10.4500', '11.5800', '4.9977', 6500000, 614),
('SKT', '2005-05-01', '11.6300', '12.4350', '11.5550', '12.1050', '5.3717', 5394400, 615),
('SKT', '2005-06-01', '12.1500', '13.9050', '12.1500', '13.4650', '5.9752', 5795200, 616),
('SKT', '2005-07-01', '13.5400', '14.7100', '13.3700', '14.4000', '6.3901', 5405600, 617),
('SKT', '2005-08-01', '14.3750', '14.9950', '13.1600', '13.8600', '6.2982', 6316800, 618),
('SKT', '2005-09-01', '13.8600', '14.5600', '13.3800', '13.9050', '6.3186', 5518800, 619),
('SKT', '2005-10-01', '13.9000', '14.0650', '12.2500', '13.4450', '6.1096', 5800600, 620),
('SKT', '2005-11-01', '13.3500', '14.1150', '12.9200', '13.7450', '6.3997', 6607800, 621),
('SKT', '2005-12-01', '13.8450', '14.8400', '13.8450', '14.3700', '6.6907', 5403800, 622),
('SKT', '2006-01-01', '14.4950', '15.8600', '14.3400', '15.7550', '7.3356', 4258000, 623),
('SKT', '2006-02-01', '15.7000', '16.2700', '15.2750', '16.1500', '7.6779', 7329800, 624),
('SKT', '2006-03-01', '16.1450', '17.7250', '15.5600', '17.2050', '8.1795', 7639600, 625),
('SKT', '2006-04-01', '17.2000', '17.5700', '16.0500', '16.3900', '7.7920', 5842800, 626),
('SKT', '2006-05-01', '16.3850', '16.8750', '14.8350', '15.1850', '7.3692', 8140400, 627),
('SKT', '2006-06-01', '15.1850', '16.2250', '15.1650', '16.1850', '7.8545', 8023600, 628),
('SKT', '2006-07-01', '16.1600', '16.7700', '15.9000', '16.4500', '7.9831', 4454600, 629),
('SKT', '2006-08-01', '16.4550', '18.2750', '15.1500', '17.9000', '8.8703', 21274800, 630),
('SKT', '2006-09-01', '17.9600', '18.4150', '17.3650', '17.8100', '8.8257', 12968400, 631),
('SKT', '2006-10-01', '17.7800', '19.0950', '17.5100', '18.6500', '9.2419', 9944400, 632),
('SKT', '2006-11-01', '18.6800', '19.9800', '17.5600', '19.7100', '9.9452', 8681600, 633),
('SKT', '2006-12-01', '19.7500', '20.1750', '18.7000', '19.5400', '9.8594', 5853600, 634),
('SKT', '2007-01-01', '19.6650', '20.5350', '18.6700', '20.3000', '10.2429', 9099200, 635),
('SKT', '2007-02-01', '20.3950', '21.7800', '19.5750', '20.0900', '10.3107', 9723800, 636),
('SKT', '2007-03-01', '19.8850', '20.6000', '18.9050', '20.1950', '10.3645', 17643800, 637),
('SKT', '2007-04-01', '20.2400', '21.2550', '19.4850', '20.2700', '10.4030', 19420800, 638),
('SKT', '2007-05-01', '20.2700', '21.2850', '19.8350', '20.9750', '10.9549', 20397600, 639),
('SKT', '2007-06-01', '21.1000', '21.1300', '18.1700', '18.7250', '9.7798', 15916800, 640),
('SKT', '2007-07-01', '18.8450', '19.5600', '16.4000', '16.7150', '8.7300', 13432400, 641),
('SKT', '2007-08-01', '16.6650', '19.4100', '16.1600', '19.0350', '10.1536', 19640400, 642),
('SKT', '2007-09-01', '18.9900', '20.6250', '18.0850', '20.2950', '10.8257', 10631000, 643),
('SKT', '2007-10-01', '20.2550', '22.2150', '20.1500', '21.0600', '11.2338', 16753800, 644),
('SKT', '2007-11-01', '20.9400', '22.0950', '20.2500', '21.0550', '11.4303', 20369200, 645),
('SKT', '2007-12-01', '20.9500', '21.6350', '18.5200', '18.8550', '10.2360', 13717800, 646),
('SKT', '2008-01-01', '18.8950', '19.3150', '16.3050', '18.7850', '10.1980', 27361200, 647),
('SKT', '2008-02-01', '18.7800', '19.6200', '17.4850', '17.7500', '9.8230', 15712800, 648),
('SKT', '2008-03-01', '17.7200', '20.4650', '16.9100', '19.2350', '10.6448', 19339000, 649),
('SKT', '2008-04-01', '19.3750', '21.1750', '19.2100', '20.1700', '11.1623', 21276000, 650),
('SKT', '2008-05-01', '20.1250', '20.3900', '18.3350', '19.1200', '10.7783', 18208000, 651),
('SKT', '2008-06-01', '19.1100', '20.0650', '17.5900', '17.9650', '10.1272', 22309000, 652),
('SKT', '2008-07-01', '17.8050', '19.6700', '16.9950', '18.6700', '10.5246', 30622600, 653),
('SKT', '2008-08-01', '18.7500', '20.6100', '18.2900', '20.0600', '11.5459', 17199000, 654),
('SKT', '2008-09-01', '20.4650', '23.1500', '19.4000', '21.8950', '12.6021', 24791400, 655),
('SKT', '2008-10-01', '21.7600', '21.8650', '13.2250', '18.0850', '10.4092', 31292400, 656),
('SKT', '2008-11-01', '17.9300', '18.6700', '12.3100', '18.3200', '10.8135', 26964400, 657),
('SKT', '2008-12-01', '17.7000', '20.1550', '15.4150', '18.8100', '11.1027', 41565400, 658),
('SKT', '2009-01-01', '18.8500', '19.1250', '14.0450', '15.1500', '8.9424', 41799600, 659),
('SKT', '2009-02-01', '14.8250', '16.2700', '12.8850', '13.8000', '8.3493', 31664400, 660),
('SKT', '2009-03-01', '13.3250', '15.6950', '12.3900', '15.4300', '9.3355', 46363800, 661),
('SKT', '2009-04-01', '15.0550', '18.0000', '14.8200', '16.6600', '10.0797', 53550600, 662),
('SKT', '2009-05-01', '16.5600', '16.7350', '14.2250', '16.1800', '10.0137', 39043000, 663),
('SKT', '2009-06-01', '16.2200', '17.5800', '14.7750', '16.2150', '10.0353', 29213200, 664),
('SKT', '2009-07-01', '16.2200', '18.4000', '14.4850', '17.7700', '10.9977', 22941200, 665),
('SKT', '2009-08-01', '18.0000', '19.9050', '16.8950', '18.8100', '11.8939', 30216600, 666),
('SKT', '2009-09-01', '18.7250', '20.8900', '17.0700', '18.6700', '11.8054', 21741400, 667),
('SKT', '2009-10-01', '18.5050', '19.5350', '17.5200', '19.0350', '12.0362', 24280000, 668),
('SKT', '2009-11-01', '19.1700', '20.7250', '18.3800', '19.6250', '12.6688', 16434600, 669),
('SKT', '2009-12-01', '19.8750', '20.5500', '19.0400', '19.4950', '12.5849', 19983400, 670),
('SKT', '2010-01-01', '19.7000', '20.4750', '18.4000', '19.1500', '12.3622', 23156200, 671),
('SKT', '2010-02-01', '19.2350', '21.3200', '18.5150', '20.8350', '13.7284', 18171400, 672),
('SKT', '2010-03-01', '20.9450', '22.6350', '20.6650', '21.5800', '14.2193', 21781600, 673),
('SKT', '2010-04-01', '21.7750', '22.3050', '20.5950', '20.8000', '13.7053', 22742600, 674),
('SKT', '2010-05-01', '20.8450', '22.0600', '18.9900', '20.8100', '13.9662', 23324000, 675),
('SKT', '2010-06-01', '20.6800', '21.4700', '18.9000', '20.6900', '13.8857', 24951600, 676),
('SKT', '2010-07-01', '20.7550', '23.2550', '20.2300', '22.3500', '14.9998', 28540600, 677),
('SKT', '2010-08-01', '22.7000', '23.2650', '21.3550', '23.1100', '15.7789', 16722000, 678),
('SKT', '2010-09-01', '23.4700', '24.5300', '23.0450', '23.5700', '16.0930', 13794000, 679),
('SKT', '2010-10-01', '23.7900', '24.7100', '23.4250', '23.9600', '16.3592', 17747800, 680),
('SKT', '2010-11-01', '24.0600', '25.9700', '23.1900', '23.9900', '16.6478', 17223600, 681),
('SKT', '2010-12-01', '24.2800', '25.9950', '24.0300', '25.5950', '17.7616', 13372800, 682),
('SKT', '2011-01-01', '25.7750', '26.2800', '24.5700', '26.1100', '18.1190', 13316600, 683),
('SKT', '2011-02-01', '26.2200', '27.3900', '25.5000', '26.6500', '18.6321', 12652800, 684),
('SKT', '2011-03-01', '26.8100', '26.8100', '24.9400', '26.2400', '18.3454', 10628700, 685),
('SKT', '2011-04-01', '26.4000', '27.8800', '24.8100', '27.6300', '19.3172', 9413900, 686),
('SKT', '2011-05-01', '27.7400', '28.0500', '26.3600', '27.4600', '19.3429', 15592300, 687),
('SKT', '2011-06-01', '27.4200', '27.6400', '25.4300', '26.7700', '18.8568', 20312800, 688),
('SKT', '2011-07-01', '26.7900', '28.9900', '26.7200', '27.4500', '19.3358', 14667000, 689),
('SKT', '2011-08-01', '27.9200', '28.2900', '22.3800', '28.1300', '19.9539', 29008400, 690),
('SKT', '2011-09-01', '28.2000', '28.2500', '25.5800', '26.0100', '18.4500', 22014100, 691),
('SKT', '2011-10-01', '25.8800', '28.5400', '23.9800', '28.1600', '19.9751', 23552600, 692),
('SKT', '2011-11-01', '27.1500', '28.8800', '25.9900', '28.3500', '20.2559', 17675800, 693),
('SKT', '2011-12-01', '28.3000', '30.1500', '27.5200', '29.3200', '20.9490', 14263500, 694),
('SKT', '2012-01-01', '29.8100', '30.1600', '27.7200', '29.5000', '21.0776', 24589900, 695),
('SKT', '2012-02-01', '29.6100', '30.2700', '28.6100', '29.2800', '21.0637', 19535900, 696),
('SKT', '2012-03-01', '29.3100', '30.2500', '28.9900', '29.7300', '21.3875', 21262800, 697),
('SKT', '2012-04-01', '29.6900', '31.6500', '28.9400', '31.3200', '22.5313', 13934100, 698),
('SKT', '2012-05-01', '31.2500', '32.7500', '30.8600', '31.0100', '22.4582', 23724700, 699),
('SKT', '2012-06-01', '30.4700', '32.1600', '29.9300', '32.0500', '23.2114', 27151600, 700),
('SKT', '2012-07-01', '32.0400', '32.8600', '31.5000', '32.2000', '23.3200', 10004300, 701),
('SKT', '2012-08-01', '32.2000', '33.7600', '32.0700', '33.5500', '24.4585', 13720100, 702),
('SKT', '2012-09-01', '33.5600', '34.0900', '31.9100', '32.3300', '23.5691', 11975900, 703),
('SKT', '2012-10-01', '32.3300', '32.4900', '30.8700', '31.4700', '22.9421', 15229600, 704),
('SKT', '2012-11-01', '31.6700', '32.9400', '31.1000', '32.8800', '24.1323', 14412000, 705),
('SKT', '2012-12-01', '33.0000', '34.4600', '32.5800', '34.2000', '25.1011', 11197600, 706),
('SKT', '2013-01-01', '34.7000', '35.6100', '33.4300', '35.4200', '25.9965', 14528300, 707),
('SKT', '2013-02-01', '35.7500', '36.4800', '34.6400', '35.2900', '26.0552', 14206400, 708),
('SKT', '2013-03-01', '35.2100', '36.2300', '34.8700', '36.1800', '26.7123', 9833900, 709),
('SKT', '2013-04-01', '36.1500', '37.9300', '35.9500', '37.1200', '27.4063', 14050100, 710),
('SKT', '2013-05-01', '37.1700', '39.4500', '34.3300', '34.4800', '25.6138', 14637600, 711),
('SKT', '2013-06-01', '34.5000', '35.5000', '31.5400', '33.4600', '24.8561', 12127500, 712),
('SKT', '2013-07-01', '33.6600', '35.8500', '32.3500', '32.4300', '24.0910', 11080300, 713),
('SKT', '2013-08-01', '32.6700', '32.9700', '30.0600', '30.8500', '23.0661', 11635400, 714),
('SKT', '2013-09-01', '31.0100', '33.6500', '30.2000', '32.6500', '24.4119', 15009900, 715),
('SKT', '2013-10-01', '32.5800', '35.7100', '32.5300', '34.8500', '26.0568', 14654300, 716),
('SKT', '2013-11-01', '34.7800', '35.3800', '32.8100', '33.0700', '24.8830', 7473600, 717),
('SKT', '2013-12-01', '32.9800', '33.1800', '31.4000', '32.0200', '24.0930', 9815500, 718),
('SKT', '2014-01-01', '31.9400', '34.3500', '31.8600', '33.3800', '25.1163', 24281900, 719),
('SKT', '2014-02-01', '33.4100', '34.6400', '32.8200', '34.3100', '25.9897', 12851300, 720),
('SKT', '2014-03-01', '34.1600', '35.3800', '33.8300', '35.0000', '26.5123', 12223100, 721),
('SKT', '2014-04-01', '35.0500', '36.2900', '34.8100', '35.6800', '27.0274', 16600700, 722),
('SKT', '2014-05-01', '35.6300', '36.3200', '35.0800', '35.4200', '27.0117', 12893400, 723),
('SKT', '2014-06-01', '35.4900', '36.7700', '34.7300', '34.9700', '26.6686', 11575300, 724),
('SKT', '2014-07-01', '35.0600', '35.9400', '34.5700', '34.6500', '26.4245', 10735500, 725),
('SKT', '2014-08-01', '34.6000', '35.0100', '33.6000', '34.9100', '26.8045', 13663800, 726),
('SKT', '2014-09-01', '34.9100', '35.2200', '32.3900', '32.7200', '25.1230', 10188800, 727),
('SKT', '2014-10-01', '32.7200', '35.7900', '32.5300', '35.7700', '27.4648', 29993200, 728),
('SKT', '2014-11-01', '35.8100', '37.0500', '35.5000', '36.5800', '28.2788', 10086500, 729),
('SKT', '2014-12-01', '36.5200', '37.9600', '35.5200', '36.9600', '28.5726', 12015000, 730),
('SKT', '2015-01-01', '37.1700', '40.8000', '36.9900', '39.3500', '30.4202', 18060600, 731),
('SKT', '2015-02-01', '39.3500', '39.8700', '35.1400', '35.4500', '27.5698', 14729600, 732),
('SKT', '2015-03-01', '35.4200', '36.5500', '33.7900', '35.1700', '27.3521', 16441800, 733),
('SKT', '2015-04-01', '35.2500', '36.2600', '33.3900', '33.5800', '26.1155', 16366400, 734),
('SKT', '2015-05-01', '33.5800', '34.8300', '33.1600', '33.6300', '26.3741', 13719200, 735),
('SKT', '2015-06-01', '33.6500', '34.1600', '31.6500', '31.7000', '24.8605', 13188400, 736),
('SKT', '2015-07-01', '31.7400', '33.9300', '31.6100', '32.4800', '25.4722', 16612300, 737),
('SKT', '2015-08-01', '32.5100', '33.9200', '30.3000', '31.6400', '25.0355', 15013300, 738),
('SKT', '2015-09-01', '31.2700', '33.6700', '30.8600', '32.9700', '26.0879', 12292800, 739),
('SKT', '2015-10-01', '33.0400', '36.1000', '32.8200', '34.9500', '27.6546', 17560000, 740),
('SKT', '2015-11-01', '34.9500', '35.7500', '33.1800', '33.3100', '26.5689', 14055400, 741),
('SKT', '2015-12-01', '33.4400', '33.7400', '31.5500', '32.7000', '26.0824', 21913900, 742),
('SKT', '2016-01-01', '32.7200', '33.4900', '30.7500', '31.9900', '25.6771', 19697000, 743),
('SKT', '2016-02-01', '31.9100', '32.7100', '29.4600', '32.0800', '25.9777', 14573700, 744),
('SKT', '2016-03-01', '32.2300', '36.5100', '32.2200', '36.3900', '29.4678', 12772800, 745),
('SKT', '2016-04-01', '36.2700', '37.4000', '34.8900', '35.0800', '28.4070', 16580600, 746),
('SKT', '2016-05-01', '35.2800', '36.9300', '33.7100', '35.2200', '28.7815', 17233100, 747),
('SKT', '2016-06-01', '35.0300', '40.2200', '35.0300', '40.1800', '32.8348', 16605700, 748),
('SKT', '2016-07-01', '40.4100', '41.8500', '40.0800', '41.7400', '34.1096', 13905200, 749),
('SKT', '2016-08-01', '41.8000', '42.2000', '39.5900', '40.6400', '33.4739', 11229500, 750),
('SKT', '2016-09-01', '40.5500', '41.1900', '38.0100', '38.9600', '32.0901', 10108000, 751),
('SKT', '2016-10-01', '38.7700', '38.7700', '33.8200', '34.8000', '28.6636', 14837500, 752),
('SKT', '2016-11-01', '34.6500', '35.3200', '32.7100', '34.4700', '28.6553', 12811000, 753),
('SKT', '2016-12-01', '34.2500', '36.3500', '34.0900', '35.7800', '29.7444', 12521800, 754),
('SKT', '2017-01-01', '35.9200', '37.3400', '33.1300', '34.1900', '28.4226', 15873000, 755),
('SKT', '2017-02-01', '34.0700', '34.8800', '33.1000', '33.8700', '28.4253', 12304400, 756),
('SKT', '2017-03-01', '33.8300', '34.1500', '30.9800', '32.7700', '27.5021', 18641900, 757),
('SKT', '2017-04-01', '32.7500', '33.6800', '31.1600', '31.1900', '26.1761', 27056100, 758),
('SKT', '2017-05-01', '31.2600', '32.1000', '24.7100', '26.0600', '22.1025', 52204000, 759),
('SKT', '2017-06-01', '26.0800', '27.8800', '24.9500', '25.9800', '22.0347', 47180700, 760),
('SKT', '2017-07-01', '26.1000', '27.8800', '25.4100', '26.4300', '22.4164', 43329200, 761),
('SKT', '2017-08-01', '26.6900', '27.1000', '23.0600', '23.4000', '20.0984', 40855700, 762),
('SKT', '2017-09-01', '23.4200', '25.7500', '23.4000', '24.4200', '20.9744', 30321500, 763),
('SKT', '2017-10-01', '24.4600', '25.6100', '22.4100', '22.7500', '19.5401', 34433300, 764),
('SKT', '2017-11-01', '22.8200', '25.3900', '21.8100', '25.0400', '21.8312', 41104300, 765),
('SKT', '2017-12-01', '25.0000', '26.7300', '24.1600', '26.5100', '23.1128', 25935800, 766),
('SKT', '2018-01-01', '26.5900', '26.6500', '24.1900', '25.1800', '21.9533', 48980400, 767),
('SKT', '2018-02-01', '25.0700', '25.2000', '21.1400', '22.3200', '19.7258', 40122000, 768),
('SKT', '2018-03-01', '22.2500', '23.1300', '21.1600', '22.0000', '19.4430', 34715800, 769),
('SKT', '2018-04-01', '22.0300', '23.3100', '21.1600', '21.9500', '19.3988', 38160300, 770),
('SKT', '2018-05-01', '21.9500', '22.3500', '19.8600', '21.4900', '19.3007', 34697900, 771),
('SKT', '2018-06-01', '21.5000', '24.1700', '21.3100', '23.4900', '21.0969', 32323100, 772),
('SKT', '2018-07-01', '23.4600', '24.4600', '23.1000', '23.8500', '21.4203', 26609100, 773),
('SKT', '2018-08-01', '23.5700', '24.9100', '23.2400', '24.0600', '21.9336', 19735700, 774),
('SKT', '2018-09-01', '24.0000', '24.0500', '22.1100', '22.8800', '20.8579', 26618900, 775),
('SKT', '2018-10-01', '22.8800', '23.0000', '21.1900', '22.2600', '20.2927', 37397100, 776),
('SKT', '2018-11-01', '22.4600', '24.1500', '22.2000', '23.6500', '21.9002', 22723000, 777),
('SKT', '2018-12-01', '23.6500', '24.6500', '19.8400', '20.2200', '18.7240', 26096600, 778),
('SKT', '2019-01-01', '19.9700', '23.1400', '19.7600', '22.7500', '21.0668', 22322200, 779),
('SKT', '2019-02-01', '22.8000', '22.9600', '21.2300', '21.5900', '20.3007', 21852100, 780),
('SKT', '2019-03-01', '21.6100', '21.6900', '19.7500', '20.9800', '19.7272', 25912900, 781),
('SKT', '2019-04-01', '20.6800', '20.8100', '18.0300', '18.0600', '16.9815', 40675400, 782),
('SKT', '2019-05-01', '18.0800', '19.3500', '16.5000', '16.9600', '16.2499', 40752000, 783),
('SKT', '2019-06-01', '16.9600', '17.3500', '15.4800', '16.2100', '15.5313', 36205900, 784),
('SKT', '2019-07-01', '16.4700', '16.8100', '15.6600', '15.8800', '15.2151', 49139900, 785),
('SKT', '2019-08-01', '15.7500', '16.2200', '13.6100', '14.1400', '13.8442', 47310800, 786),
('SKT', '2019-09-01', '14.1400', '17.2500', '13.9200', '15.4800', '15.1562', 57126800, 787),
('SKT', '2019-10-01', '15.4300', '17.9400', '14.1600', '16.1200', '15.7828', 63018600, 788),
('SKT', '2019-11-01', '16.2000', '17.1400', '15.0200', '15.2200', '15.2200', 39703800, 789),
('SKT', '2019-12-01', '15.8700', '16.0500', '14.5000', '15.0100', '15.0100', 61887300, 790),
('SKT', '2019-12-27', '14.9000', '15.1087', '14.8800', '15.0100', '15.0100', 2231183, 791);

-- --------------------------------------------------------

--
-- Tabellenstruktur für Tabelle `posts`
--

CREATE TABLE `posts` (
  `p_id` int(8) NOT NULL,
  `p_inhalt` text CHARACTER SET utf16 COLLATE utf16_german2_ci NOT NULL,
  `p_date` timestamp NOT NULL DEFAULT current_timestamp() ON UPDATE current_timestamp(),
  `p_thema` int(8) NOT NULL,
  `p_ersteller` int(8) NOT NULL
) ENGINE=InnoDB DEFAULT CHARSET=utf8 COLLATE=utf8_german2_ci;

--
-- Daten für Tabelle `posts`
--

INSERT INTO `posts` (`p_id`, `p_inhalt`, `p_date`, `p_thema`, `p_ersteller`) VALUES
(1, 'g', '2019-11-09 17:23:44', 8, 29),
(2, 'das war mal wieder eine qual', '2019-11-09 17:24:08', 9, 29),
(9, 'ptptptpt', '2019-11-10 14:27:24', 10, 29),
(10, 'ptptptpt', '2019-11-10 14:27:31', 11, 29),
(11, 'test', '2019-11-10 14:42:31', 10, 29),
(12, 'test2', '2019-11-10 14:43:21', 10, 29),
(13, '1', '2019-11-10 17:38:00', 1, 29),
(14, '1', '2019-11-10 17:39:44', 1, 29),
(15, '1', '2019-11-10 17:41:21', 1, 29),
(16, 'k', '2019-11-10 17:42:18', 1, 29),
(17, 'k', '2019-11-10 17:45:12', 1, 29),
(18, '2', '2019-11-10 17:45:26', 10, 29),
(19, 'haha', '2019-11-10 17:50:47', 10, 29),
(20, 'haha', '2019-11-10 17:51:21', 10, 29),
(21, '234', '2019-11-10 17:54:08', 10, 29),
(22, 'llk', '2019-11-10 17:55:02', 1, 29),
(23, 'etet', '2019-11-10 18:03:50', 10, 29),
(33, 'test\r\n', '2019-11-10 22:38:09', 18, 52),
(38, 'äöokikgh', '2019-11-12 12:03:58', 10, 29),
(39, 't342', '2019-11-12 12:47:44', 23, 29),
(40, 'sgmn', '2019-11-12 12:49:34', 24, 29),
(41, '', '2019-11-15 10:39:05', 25, 29),
(42, 'wer', '2019-11-19 08:22:02', 26, 29),
(43, 'sdg', '2019-11-19 08:22:14', 27, 29),
(44, 'rt', '2019-11-19 08:26:46', 28, 29),
(45, 'qtrzq', '2019-11-19 08:27:25', 29, 29),
(46, 'test', '2019-12-13 09:50:43', 30, 63),
(47, 'w', '2019-12-13 10:05:34', 31, 63),
(48, 'r', '2019-12-13 10:08:15', 32, 63),
(49, 'ghd', '2019-12-13 10:14:46', 33, 63),
(55, 'h', '2019-12-13 10:54:31', 34, 63),
(56, 'gjk', '2019-12-13 10:57:25', 35, 63),
(57, 'Der Brexit kommt. Daran kann es nach dieser Wahl keinen Zweifel mehr geben. Boris Johnson hat einen derart klaren Sieg errungen, dass er nun freie Hand hat, Großbritannien aus der Europäischen Union zu führen. Genau das war Johnsons Versprechen im Wahlkampf. Mit seinem Slogan \"Get Brexit done\" hat er die Stimmung im Land auf den Punkt gebracht. Die Mehrheit der Briten war des elenden Streits überdrüssig und sehnte ein Ende des Dramas herbei. Die dreieinhalb Jahre nach dem Brexit-Referendum haben das Land paralysiert und gespalten. Ob das nun mit Johnsons Wahlsieg aufhört, ist allerdings alles andere als gewiss.\r\nDer Premierminister muss jetzt zeigen, was sein Brexit-Mantra bedeutet und welche Politik er daraus ableitet. Er wird Antworten geben müssen auf all jene Fragen, denen er im Wahlkampf ausgewichen ist. Johnson muss erklären, wie er sich die künftige Beziehung mit der EU vorstellt und wo er Großbritanniens Platz in der Welt verortet. Er wird auch zeigen müssen, was er unter seinem \"One-Nation Konservatismus\" versteht, der den Hedgefonds-Managern in der Londoner City genauso gefallen soll wie der Arbeiterklasse in Stoke-on-Trent.\r\nInwieweit Johnson das Land überhaupt einen kann, dürfte sich vor allem in Schottland entscheiden. Der dortige Wille, sich vom Vereinigten Königreich zu lösen, ist unübersehbar. Die Scottish National Party (SNP) wird nach dem deutlichen Wahlsieg in ihrer Heimat weiter auf ein Unabhängigkeitsreferendum dringen. Die Fliehkräfte, die am Vereinigten Königreich in Schottland, Wales und Nordirland zerren, sind so groß wie nie zuvor. Das Wahlergebnis lässt nur einen Schlu', '2019-12-13 11:24:56', 30, 52),
(58, 'jd', '2019-12-13 11:26:56', 30, 52),
(59, 'h', '2019-12-13 11:29:17', 30, 52),
(60, 'fdsfsd', '2019-12-26 18:45:04', 36, 52),
(61, 'was', '2019-12-26 18:45:10', 36, 52);

-- --------------------------------------------------------

--
-- Tabellenstruktur für Tabelle `stocks`
--

CREATE TABLE `stocks` (
  `Symbol` tinytext NOT NULL,
  `Name` text NOT NULL,
  `LastUpdated` timestamp NOT NULL DEFAULT current_timestamp(),
  `LastValue` decimal(10,4) DEFAULT NULL
) ENGINE=InnoDB DEFAULT CHARSET=utf8mb4;

--
-- Daten für Tabelle `stocks`
--

INSERT INTO `stocks` (`Symbol`, `Name`, `LastUpdated`, `LastValue`) VALUES
('AAPL', 'FOOO', '2019-12-28 20:57:24', '1.0000'),
('SKT', 'FOOO', '2019-12-28 21:00:37', '1.0000');

-- --------------------------------------------------------

--
-- Tabellenstruktur für Tabelle `thema`
--

CREATE TABLE `thema` (
  `t_id` int(10) NOT NULL,
  `t_bereich` int(10) NOT NULL,
  `t_date` timestamp NOT NULL DEFAULT current_timestamp() ON UPDATE current_timestamp(),
  `t_ersteller` int(10) NOT NULL,
  `t_subject` varchar(300) CHARACTER SET utf16 COLLATE utf16_german2_ci NOT NULL
) ENGINE=InnoDB DEFAULT CHARSET=utf8 COLLATE=utf8_german2_ci;

--
-- Daten für Tabelle `thema`
--

INSERT INTO `thema` (`t_id`, `t_bereich`, `t_date`, `t_ersteller`, `t_subject`) VALUES
(1, 1, '2019-11-09 15:20:27', 29, 'mal ssehen ob das heir klappt'),
(8, 1, '2019-11-09 17:23:44', 29, 'rg'),
(9, 2, '2019-11-09 17:24:08', 29, 'test'),
(10, 3, '2019-11-10 14:27:24', 29, 'pp'),
(11, 3, '2019-11-10 14:27:31', 29, 'pp'),
(18, 1, '2019-11-10 22:38:09', 52, 'test'),
(23, 1, '2019-11-12 12:47:44', 29, '235'),
(24, 1, '2019-11-12 12:49:34', 29, 'sjfgnh'),
(25, 1, '2019-11-15 10:39:05', 29, 'hhhhnhuhnhnuh'),
(26, 1, '2019-11-19 08:22:02', 29, 'wer'),
(27, 1, '2019-11-19 08:22:14', 29, 'werwet'),
(28, 3, '2019-11-19 08:26:46', 29, 'tze'),
(29, 1, '2019-11-19 08:27:25', 29, '35zeth'),
(30, 14, '2019-12-13 09:50:43', 63, 'test'),
(31, 3, '2019-12-13 10:05:34', 63, 'w'),
(32, 3, '2019-12-13 10:08:15', 63, 'e'),
(33, 2, '2019-12-13 10:14:46', 63, 'gh'),
(34, 3, '2019-12-13 10:54:31', 63, 'h'),
(35, 3, '2019-12-13 10:57:25', 63, 'fzil'),
(36, 2, '2019-12-26 18:45:04', 52, 'test123');

-- --------------------------------------------------------

--
-- Tabellenstruktur für Tabelle `user`
--

CREATE TABLE `user` (
  `user_id` int(50) NOT NULL,
  `name` varchar(500) COLLATE utf8_german2_ci NOT NULL,
  `email` varchar(500) COLLATE utf8_german2_ci NOT NULL,
  `passwort` varchar(5000) COLLATE utf8_german2_ci NOT NULL
) ENGINE=InnoDB DEFAULT CHARSET=utf8 COLLATE=utf8_german2_ci;

--
-- Daten für Tabelle `user`
--

INSERT INTO `user` (`user_id`, `name`, `email`, `passwort`) VALUES
(29, '222', '222', ''),
(52, 'admin', 'admin', '8c6976e5b5410415bde908bd4dee15dfb167a9c873fc4bb8a81f6f2ab448a918'),
(59, 'f', 'f', '252f10c83610ebca1a059c0bae8255eba2f95be4d1d7bcfa89d7248a82d9f111'),
(62, '234', '234', '114bd151f8fb0c58642d2170da4ae7d7c57977260ac2cc8905306cab6b2acabc'),
(63, '123', '123', 'a665a45920422f9d417e4867efdc4fb8a04a1f3fff1fa07e998e86f7f7a27ae3'),
(65, '1', '1', '6b86b273ff34fce19d6b804eff5a3f5747ada4eaa22f1d49c01e52ddb7875b4b'),
(66, 'test', 'test@test.de', '9f86d081884c7d659a2feaa0c55ad015a3bf4f1b2b0b822cd15d6c15b0f00a08');

--
-- Indizes der exportierten Tabellen
--

--
-- Indizes für die Tabelle `bereich`
--
ALTER TABLE `bereich`
  ADD PRIMARY KEY (`b_id`),
  ADD UNIQUE KEY `b_id_unique` (`b_id`);

--
-- Indizes für die Tabelle `dividends`
--
ALTER TABLE `dividends`
  ADD PRIMARY KEY (`id`);

--
-- Indizes für die Tabelle `histories`
--
ALTER TABLE `histories`
  ADD PRIMARY KEY (`id`);

--
-- Indizes für die Tabelle `posts`
--
ALTER TABLE `posts`
  ADD PRIMARY KEY (`p_id`),
  ADD KEY `p_ersteller` (`p_ersteller`),
  ADD KEY `p_thema` (`p_thema`);

--
-- Indizes für die Tabelle `stocks`
--
ALTER TABLE `stocks`
  ADD PRIMARY KEY (`Symbol`(10));

--
-- Indizes für die Tabelle `thema`
--
ALTER TABLE `thema`
  ADD PRIMARY KEY (`t_id`),
  ADD KEY `t_ersteller` (`t_ersteller`),
  ADD KEY `t_bereich` (`t_bereich`);

--
-- Indizes für die Tabelle `user`
--
ALTER TABLE `user`
  ADD PRIMARY KEY (`user_id`),
  ADD UNIQUE KEY `email_unique` (`email`);

--
-- AUTO_INCREMENT für exportierte Tabellen
--

--
-- AUTO_INCREMENT für Tabelle `bereich`
--
ALTER TABLE `bereich`
  MODIFY `b_id` int(10) NOT NULL AUTO_INCREMENT, AUTO_INCREMENT=17;

--
-- AUTO_INCREMENT für Tabelle `dividends`
--
ALTER TABLE `dividends`
  MODIFY `id` int(11) NOT NULL AUTO_INCREMENT, AUTO_INCREMENT=239;

--
-- AUTO_INCREMENT für Tabelle `histories`
--
ALTER TABLE `histories`
  MODIFY `id` int(11) NOT NULL AUTO_INCREMENT, AUTO_INCREMENT=792;

--
-- AUTO_INCREMENT für Tabelle `posts`
--
ALTER TABLE `posts`
  MODIFY `p_id` int(8) NOT NULL AUTO_INCREMENT, AUTO_INCREMENT=62;

--
-- AUTO_INCREMENT für Tabelle `thema`
--
ALTER TABLE `thema`
  MODIFY `t_id` int(10) NOT NULL AUTO_INCREMENT, AUTO_INCREMENT=37;

--
-- AUTO_INCREMENT für Tabelle `user`
--
ALTER TABLE `user`
  MODIFY `user_id` int(50) NOT NULL AUTO_INCREMENT, AUTO_INCREMENT=67;

--
-- Constraints der exportierten Tabellen
--

--
-- Constraints der Tabelle `posts`
--
ALTER TABLE `posts`
  ADD CONSTRAINT `posts_ibfk_3` FOREIGN KEY (`p_ersteller`) REFERENCES `user` (`user_id`) ON DELETE CASCADE ON UPDATE CASCADE,
  ADD CONSTRAINT `posts_ibfk_4` FOREIGN KEY (`p_thema`) REFERENCES `thema` (`t_id`) ON DELETE CASCADE ON UPDATE CASCADE;

--
-- Constraints der Tabelle `thema`
--
ALTER TABLE `thema`
  ADD CONSTRAINT `thema_ibfk_6` FOREIGN KEY (`t_ersteller`) REFERENCES `user` (`user_id`) ON DELETE CASCADE ON UPDATE CASCADE,
  ADD CONSTRAINT `thema_ibfk_7` FOREIGN KEY (`t_bereich`) REFERENCES `bereich` (`b_id`) ON DELETE CASCADE ON UPDATE CASCADE;
COMMIT;

/*!40101 SET CHARACTER_SET_CLIENT=@OLD_CHARACTER_SET_CLIENT */;
/*!40101 SET CHARACTER_SET_RESULTS=@OLD_CHARACTER_SET_RESULTS */;
/*!40101 SET COLLATION_CONNECTION=@OLD_COLLATION_CONNECTION */;
